age,course_level,previous_experience,study_hours_per_week,lectures_viewed,assignments_submitted,avg_quiz_score,forum_posts,deadline_misses,days_since_last_activity,practice_tests_completed,video_completion_rate,attendance_rate,passed
21,intermediate,1,10.2,70,22,66.7,3,4,30,10,90.1,61.6,1
47,intermediate,1,12.4,59,23,92.3,4,2,6,13,76.1,42.9,1
42,advanced,0,3.2,21,12,61.6,2,0,39,3,65.2,43.0,0
34,intermediate,1,11.4,61,21,60.4,3,4,3,7,83.4,57.7,1
34,advanced,1,4.4,34,11,62.2,2,2,37,6,68.0,51.8,0
50,intermediate,1,6.3,60,17,92.9,4,0,5,6,100.0,89.3,1
21,advanced,0,7.1,68,17,63.5,3,2,47,9,97.5,57.6,1
44,beginner,0,10.9,58,20,96.9,6,3,16,10,100.0,36.9,1
25,intermediate,0,8.6,61,20,79.4,2,0,0,8,65.6,54.0,1
21,intermediate,0,4.3,39,0,43.9,1,8,25,5,33.6,33.8,0
38,intermediate,0,0.8,20,4,43.6,1,0,31,0,46.5,44.0,0
55,intermediate,0,7.6,54,13,66.1,5,2,18,6,68.7,82.7,1
45,advanced,1,6.1,46,17,59.0,0,3,24,6,93.5,65.0,0
46,advanced,0,2.0,39,13,38.5,1,4,31,1,42.0,48.4,0
45,beginner,1,6.6,56,7,92.4,8,1,19,6,72.8,54.9,1
47,intermediate,1,5.5,29,17,56.9,2,3,18,9,62.6,65.2,1
37,intermediate,1,12.3,80,15,100.0,3,3,22,13,92.8,56.9,1
22,beginner,0,16.6,80,21,89.1,6,4,16,15,87.9,95.6,1
49,beginner,0,10.1,65,16,74.9,6,0,16,12,87.0,68.0,1
35,beginner,1,5.3,50,10,76.3,1,3,30,4,89.4,26.3,0
37,intermediate,1,5.9,43,5,62.9,0,0,17,11,92.7,67.7,1
32,intermediate,0,3.1,29,11,61.6,4,2,36,3,55.9,64.8,0
24,advanced,1,3.5,31,11,37.0,3,0,36,8,42.0,45.2,0
53,intermediate,1,5.1,17,15,74.1,0,1,28,9,74.5,76.8,1
47,advanced,1,4.8,35,8,35.2,5,2,35,1,40.1,24.4,0
42,beginner,0,1.9,15,6,47.8,3,8,41,5,77.7,4.2,0
33,intermediate,0,12.4,62,20,93.2,6,2,3,10,100.0,71.4,1
49,beginner,0,13.4,80,28,93.3,1,0,23,11,100.0,77.4,1
38,intermediate,1,12.1,78,8,72.5,6,3,12,12,100.0,59.8,1
34,advanced,0,13.7,80,18,70.9,7,2,27,10,53.0,79.8,1
35,advanced,0,19.5,80,29,94.4,7,1,1,15,72.3,91.3,1
26,advanced,1,3.1,31,4,64.8,3,0,55,2,62.2,44.6,0
21,beginner,0,19.0,80,28,75.5,6,0,10,15,78.8,100.0,1
39,beginner,0,4.3,25,9,57.8,5,2,34,7,46.8,37.8,1
51,beginner,0,8.3,54,12,74.0,3,4,16,8,83.8,53.0,1
20,beginner,0,1.5,28,6,46.0,1,1,31,2,51.5,32.3,0
50,intermediate,0,3.9,12,12,63.6,3,5,38,5,21.5,19.5,1
49,intermediate,0,10.2,63,16,78.6,2,0,20,6,95.0,84.2,1
28,intermediate,1,8.6,51,13,71.7,4,2,16,6,80.0,87.1,1
42,advanced,1,4.3,32,9,40.6,2,1,41,4,52.9,66.6,0
24,intermediate,0,5.9,36,12,64.4,5,1,29,7,73.0,60.8,1
46,advanced,1,3.6,32,2,51.5,2,2,42,5,59.1,36.0,0
44,beginner,0,10.2,80,19,68.2,5,2,9,10,100.0,62.4,1
31,beginner,1,12.9,73,19,97.8,5,3,22,11,88.8,88.0,1
20,intermediate,0,3.1,31,13,72.8,1,4,40,2,80.5,3.8,0
54,advanced,1,5.5,59,13,69.0,0,1,41,8,42.6,49.1,0
34,beginner,0,1.9,16,11,57.8,2,3,47,1,54.5,48.0,0
51,intermediate,1,6.5,63,8,53.7,5,5,26,7,71.9,28.7,0
43,intermediate,0,7.8,51,13,71.5,2,3,22,7,55.2,62.2,1
47,beginner,1,6.8,64,8,72.7,0,0,44,8,100.0,67.5,1
46,beginner,0,7.4,56,11,83.2,4,6,22,6,90.2,23.9,0
25,advanced,1,5.1,41,16,61.3,2,2,38,7,27.6,51.6,1
31,intermediate,0,5.2,37,17,57.4,5,3,26,8,73.8,38.3,1
35,beginner,1,5.0,31,6,81.8,3,2,12,7,67.4,56.3,1
36,advanced,1,3.8,32,7,63.3,2,1,21,4,44.4,59.4,1
19,beginner,1,4.2,42,9,51.2,3,2,36,3,49.4,53.4,1
38,advanced,0,7.6,50,16,100.0,5,5,32,13,41.4,50.3,1
23,beginner,0,12.4,71,13,68.1,5,1,18,9,78.6,80.9,1
46,intermediate,0,2.7,23,1,52.3,1,5,47,5,47.9,16.0,0
43,beginner,0,5.2,48,13,65.0,4,6,34,6,82.9,38.1,1
53,beginner,1,2.3,36,0,63.3,3,3,29,3,65.0,26.3,0
46,advanced,1,3.9,25,7,62.2,3,1,39,4,33.4,65.0,0
31,beginner,1,4.4,27,10,63.7,7,1,34,3,58.2,61.3,1
54,beginner,1,6.2,47,14,68.5,5,0,22,7,63.3,70.0,1
33,beginner,1,6.1,58,11,56.7,4,0,33,6,58.8,85.2,1
30,intermediate,1,5.5,51,10,97.3,7,0,30,11,42.1,52.5,1
52,advanced,1,7.2,35,17,71.6,0,4,19,9,70.7,42.7,1
32,advanced,0,2.9,24,9,61.5,2,4,34,4,59.8,32.0,0
20,beginner,1,6.2,34,10,67.3,3,2,42,7,68.8,29.9,0
35,beginner,1,8.7,53,15,74.6,4,1,36,12,59.0,42.1,1
48,beginner,0,2.9,43,9,47.8,3,2,37,1,68.2,52.6,0
25,intermediate,0,1.3,4,13,28.7,1,1,40,2,13.0,20.2,0
35,advanced,1,10.2,47,20,81.4,6,4,4,5,50.1,44.4,1
22,intermediate,1,2.3,15,12,54.7,2,0,54,4,46.1,46.0,0
44,intermediate,1,3.8,34,6,79.5,4,0,44,6,63.5,45.9,0
36,beginner,1,8.6,61,13,63.2,2,1,30,6,48.4,77.7,1
30,advanced,0,2.8,30,7,45.8,3,2,13,6,37.0,43.8,0
26,intermediate,0,9.7,72,16,62.6,3,3,20,7,78.8,50.2,1
39,beginner,1,3.4,11,4,81.9,2,0,33,3,60.0,65.4,1
43,beginner,1,3.1,39,13,50.9,2,1,42,4,47.7,57.8,0
53,beginner,0,2.3,20,11,59.2,0,4,32,6,51.5,14.1,0
34,beginner,1,3.4,36,7,75.8,0,1,32,2,64.6,51.7,1
24,beginner,0,7.9,38,17,66.7,7,6,30,8,57.1,36.5,0
49,intermediate,1,3.8,31,10,46.4,4,5,26,6,61.5,25.9,0
41,intermediate,0,10.2,65,20,57.9,7,2,13,10,56.3,94.7,1
44,beginner,0,5.6,52,6,73.0,1,3,31,7,59.6,50.8,1
21,intermediate,0,5.9,26,11,46.4,2,1,42,7,79.0,52.7,0
29,advanced,0,3.0,27,8,59.1,3,2,43,2,81.0,44.9,0
47,intermediate,1,11.1,57,21,87.8,5,3,27,13,90.1,79.7,1
49,intermediate,0,8.8,61,13,76.2,4,2,22,8,97.5,51.5,1
34,beginner,0,8.6,63,5,77.0,4,5,37,7,46.2,44.6,1
48,advanced,1,4.9,49,6,55.6,2,4,13,8,52.2,53.5,0
49,beginner,1,2.1,17,6,46.5,1,0,57,1,41.3,23.8,0
32,beginner,0,6.1,52,12,72.7,2,1,49,7,100.0,71.5,1
52,advanced,0,7.7,64,21,59.8,6,1,29,6,74.2,37.4,1
28,intermediate,0,7.7,34,16,32.4,4,4,33,12,72.2,49.0,1
27,intermediate,1,7.1,53,14,82.7,5,2,25,11,78.9,32.6,1
43,intermediate,0,6.9,56,13,52.2,3,1,24,6,80.6,43.2,1
42,intermediate,0,3.4,26,13,61.2,2,2,28,5,52.8,64.2,0
23,beginner,0,3.5,17,6,73.6,1,1,33,4,25.3,63.8,0
49,beginner,1,2.3,33,6,60.1,0,0,42,2,9.5,64.6,0
25,beginner,0,10.3,51,13,88.8,5,2,23,9,93.8,45.1,1
48,beginner,1,16.1,80,30,100.0,4,0,25,14,79.9,75.9,1
18,advanced,0,20.0,80,30,100.0,5,4,0,14,57.4,97.1,1
48,beginner,1,6.4,51,10,58.4,1,0,12,7,78.6,71.3,1
47,intermediate,0,6.9,40,13,65.6,3,3,43,6,70.5,41.1,0
47,intermediate,0,5.0,30,13,68.9,1,3,18,6,69.8,38.4,1
43,intermediate,0,6.4,45,11,61.6,1,3,22,6,86.6,34.4,0
35,intermediate,1,2.8,36,5,76.3,4,1,38,2,43.7,70.7,0
44,intermediate,1,5.0,60,8,62.3,3,3,35,7,61.3,39.8,1
28,advanced,0,3.1,12,9,81.2,4,0,20,5,37.7,50.4,0
47,intermediate,0,4.5,38,8,86.2,4,5,24,7,76.4,40.8,1
39,advanced,1,3.3,18,6,66.5,2,5,20,5,9.8,52.1,0
35,advanced,1,7.7,61,9,83.2,8,0,31,7,80.0,50.2,1
37,intermediate,0,8.3,44,15,85.3,1,5,35,9,82.6,69.0,1
39,beginner,0,6.8,39,12,49.9,0,5,14,2,78.3,27.5,0
19,intermediate,1,3.5,24,7,46.4,0,0,44,8,64.6,68.7,0
23,beginner,1,2.2,22,8,75.9,2,2,46,3,69.5,15.2,1
27,intermediate,1,8.3,57,18,81.5,6,0,16,12,25.5,65.1,1
22,advanced,1,5.6,45,14,66.8,5,3,9,4,95.5,73.2,1
34,intermediate,0,1.2,18,8,48.8,1,4,28,0,53.5,42.4,0
43,intermediate,0,6.1,29,11,32.3,5,3,22,7,79.3,56.9,0
42,beginner,0,6.9,54,11,63.3,3,5,41,7,51.7,31.5,1
35,advanced,0,1.6,20,2,40.1,2,5,37,3,17.4,19.2,0
50,beginner,0,7.7,62,12,80.2,5,1,14,8,100.0,82.0,1
39,beginner,0,1.8,14,6,63.5,2,0,39,1,28.1,53.0,0
21,beginner,0,3.2,12,5,62.2,4,0,22,1,37.8,63.7,0
47,beginner,1,1.9,21,7,63.7,1,4,43,3,59.2,35.0,0
39,intermediate,0,3.0,40,4,34.5,8,3,25,1,76.9,36.3,0
42,intermediate,0,2.2,25,0,59.3,1,1,29,0,71.9,55.5,0
39,beginner,1,10.2,61,21,91.9,5,0,22,8,81.7,76.6,1
39,beginner,1,4.7,27,8,83.4,2,4,49,6,34.9,40.6,0
21,beginner,1,4.1,50,6,92.7,0,1,55,8,82.7,28.8,0
39,beginner,1,10.8,56,14,63.5,3,0,7,12,87.2,88.9,1
48,beginner,1,10.5,57,19,79.4,3,1,12,12,42.2,77.2,1
29,intermediate,0,4.3,39,15,48.2,3,1,37,6,87.8,41.6,0
40,beginner,0,6.7,27,11,67.3,1,5,38,7,9.1,64.1,0
19,beginner,1,3.7,43,8,64.2,0,2,12,9,83.7,49.5,1
31,beginner,0,5.2,44,15,57.6,2,3,31,3,54.4,51.7,1
34,beginner,0,2.5,34,0,65.9,1,2,31,2,71.5,55.3,1
55,beginner,0,7.3,54,21,52.6,8,4,6,6,82.0,61.4,1
26,beginner,0,11.1,66,28,64.7,2,4,3,12,80.5,67.9,1
28,advanced,0,9.9,51,6,61.5,1,1,14,7,78.8,65.9,0
33,beginner,0,5.8,39,11,57.6,6,3,29,7,60.7,79.2,0
55,intermediate,1,1.1,8,3,40.4,1,1,49,3,53.5,29.6,1
50,intermediate,1,3.6,35,8,63.1,4,0,37,5,98.8,62.6,0
19,beginner,0,5.2,46,9,58.5,1,5,39,7,43.1,40.4,0
26,intermediate,1,2.0,37,10,48.7,0,3,38,6,3.5,44.1,0
49,intermediate,0,1.7,24,6,61.5,1,3,31,2,44.3,54.9,0
20,advanced,1,12.9,80,17,91.0,10,1,10,12,82.3,73.7,1
50,beginner,1,9.2,55,15,94.5,3,2,28,7,66.7,72.6,1
28,beginner,0,7.7,46,16,65.4,4,3,35,5,50.5,59.5,1
52,beginner,1,8.6,60,10,78.4,2,0,21,11,92.7,57.8,1
29,intermediate,1,2.2,19,0,52.4,2,4,28,1,23.4,54.1,0
34,intermediate,1,2.9,29,16,61.6,2,7,39,5,63.4,39.0,0
43,beginner,1,6.4,34,10,81.5,2,0,32,7,70.3,54.0,1
22,beginner,1,6.8,37,12,67.9,4,0,39,9,66.6,78.2,1
39,advanced,0,1.9,28,5,57.4,0,3,31,0,63.4,24.5,0
37,beginner,1,6.1,52,14,60.9,4,3,21,8,88.5,50.2,1
47,intermediate,1,5.3,29,18,78.7,3,2,37,5,56.3,44.5,1
55,intermediate,1,9.7,67,19,74.7,2,1,16,8,75.7,79.4,1
43,beginner,0,6.8,41,7,76.4,2,3,22,6,72.5,45.5,1
33,beginner,1,13.8,80,16,95.2,1,4,23,14,100.0,83.6,1
33,beginner,0,4.3,48,8,77.7,2,0,18,6,84.6,62.7,1
33,advanced,1,2.4,32,6,45.1,1,0,57,3,26.6,42.0,0
48,beginner,0,13.6,80,15,66.6,4,1,5,10,87.7,100.0,1
30,beginner,1,7.0,66,16,66.0,3,0,35,4,62.0,51.2,1
24,beginner,1,5.3,31,7,50.9,3,1,29,7,66.8,32.8,1
30,beginner,0,3.0,17,14,36.0,1,4,38,1,60.0,50.4,0
18,intermediate,0,4.3,27,17,66.1,2,3,29,4,49.0,12.7,1
22,beginner,0,4.2,30,8,57.5,0,4,41,10,42.9,63.8,0
21,intermediate,1,2.3,0,9,53.6,5,0,33,4,45.7,48.9,0
47,intermediate,1,0.8,14,0,50.4,1,1,34,3,42.4,18.2,0
45,advanced,0,4.1,27,12,49.6,5,2,51,2,79.6,33.0,0
44,beginner,0,8.7,63,13,92.6,3,3,22,6,100.0,34.4,0
35,advanced,0,11.6,74,15,70.4,5,1,8,12,100.0,80.0,1
45,intermediate,0,10.0,56,16,57.7,3,3,4,8,78.4,43.0,1
24,beginner,1,10.3,69,16,94.3,3,2,37,12,100.0,74.5,1
52,intermediate,1,2.5,32,6,57.7,2,1,31,3,61.7,40.4,0
37,advanced,0,6.5,37,16,91.0,1,4,48,13,52.3,41.7,1
53,beginner,1,7.7,46,11,69.3,3,2,28,6,55.0,66.3,1
23,advanced,0,8.0,30,21,80.0,3,7,25,8,43.3,54.0,0
36,intermediate,1,5.2,27,5,82.7,1,0,32,4,53.8,73.9,0
44,intermediate,0,6.0,35,18,56.2,1,1,50,8,67.8,46.7,0
36,advanced,1,9.8,62,13,72.7,3,0,0,10,52.9,70.9,1
34,beginner,1,7.5,40,14,85.2,3,1,27,5,54.9,51.6,1
24,advanced,0,8.4,49,13,77.7,4,1,20,7,73.1,66.3,1
32,beginner,1,4.0,20,8,46.6,1,0,31,7,60.6,41.1,1
27,intermediate,1,8.1,54,18,62.7,5,4,25,10,72.3,47.7,1
29,intermediate,0,6.0,46,18,29.9,0,5,26,3,71.6,37.8,0
43,beginner,0,9.2,62,21,80.3,3,0,23,8,56.1,73.8,1
41,beginner,1,3.4,29,7,59.7,7,4,34,8,38.9,38.8,1
41,beginner,0,8.7,40,16,69.1,5,5,9,8,61.9,60.6,1
31,beginner,0,4.4,28,7,36.2,3,2,36,5,63.8,46.4,0
54,beginner,0,8.8,52,11,57.0,4,6,29,10,75.6,41.4,1
21,beginner,1,6.5,41,8,66.4,2,0,22,4,48.4,63.8,1
31,beginner,0,5.7,41,10,53.3,4,3,48,4,59.4,35.4,1
22,beginner,0,4.5,49,11,60.2,2,1,45,4,96.5,60.1,1
30,intermediate,1,5.3,47,3,76.5,0,1,38,8,77.7,49.7,1
54,intermediate,1,4.1,23,9,94.9,2,2,41,7,48.2,50.3,1
31,intermediate,1,4.5,41,16,66.2,2,0,32,6,45.2,57.7,1
52,beginner,0,7.4,55,18,81.7,3,1,36,7,60.7,84.7,1
36,advanced,1,1.4,11,4,46.5,3,0,54,5,42.8,50.3,0
44,intermediate,1,8.7,64,10,57.3,3,0,30,8,84.8,68.9,1
35,beginner,0,8.8,54,17,66.8,4,2,16,9,83.0,51.7,1
28,beginner,1,4.6,21,1,46.2,6,1,31,7,56.7,63.9,0
47,intermediate,0,6.1,47,16,63.5,3,5,34,9,61.2,40.5,0
54,beginner,0,2.8,28,7,43.1,2,2,44,3,45.4,19.9,0
28,intermediate,0,7.1,45,21,40.9,0,2,25,6,100.0,53.8,0
47,advanced,1,3.0,27,1,84.6,2,2,29,6,43.9,46.5,0
27,beginner,0,0.5,7,8,39.5,2,2,57,4,16.6,23.3,0
45,beginner,0,11.4,75,18,57.9,6,4,5,9,58.0,62.6,1
47,advanced,0,2.5,24,6,64.3,1,1,27,1,45.4,44.0,0
35,intermediate,0,5.2,40,5,51.2,0,2,17,8,79.9,49.9,0
46,beginner,0,6.3,47,15,77.9,7,3,18,3,57.5,69.5,1
28,advanced,1,7.4,37,16,65.6,3,2,37,4,87.5,38.0,1
21,advanced,0,5.5,31,18,54.6,2,3,42,5,56.6,79.3,0
21,intermediate,0,6.6,23,17,69.3,2,3,26,6,71.1,51.7,1
34,intermediate,1,4.6,40,8,74.4,3,2,36,3,49.4,57.3,0
52,beginner,0,1.7,8,2,60.0,1,3,38,3,27.2,38.2,0
22,beginner,1,5.4,40,6,68.1,3,4,18,6,64.6,19.4,1
35,intermediate,0,8.0,56,20,76.0,2,0,46,6,82.9,49.8,0
44,beginner,0,2.6,31,4,62.6,2,4,50,7,53.5,28.6,0
25,intermediate,0,6.3,31,18,66.5,4,4,31,7,62.0,63.1,0
45,advanced,0,15.4,80,26,89.5,4,6,0,15,100.0,50.6,1
29,beginner,0,5.2,55,12,41.7,4,2,28,2,47.9,37.7,0
48,intermediate,1,5.4,56,10,76.9,4,4,23,2,68.1,47.6,1
40,beginner,0,1.5,30,9,50.2,4,1,39,3,46.7,49.0,0
38,advanced,1,2.4,27,7,54.9,3,3,40,7,45.4,45.4,0
24,beginner,1,3.0,17,6,78.7,4,0,32,1,54.2,35.0,0
35,intermediate,0,7.8,58,17,49.9,0,0,9,8,66.5,41.1,1
50,intermediate,0,2.8,24,7,74.7,0,0,57,1,15.7,57.0,0
18,beginner,0,1.1,23,2,48.0,3,1,42,0,46.8,62.0,0
46,intermediate,0,7.0,41,16,70.2,0,4,30,7,44.5,45.3,1
36,intermediate,0,3.2,27,8,49.6,5,1,30,3,62.8,30.2,0
45,intermediate,1,1.6,22,8,36.1,0,2,23,0,64.9,32.7,0
43,intermediate,1,8.4,57,13,76.5,5,4,22,5,35.8,60.9,1
34,advanced,0,4.2,38,5,62.0,4,4,29,1,47.7,38.0,0
29,beginner,1,7.4,43,21,84.1,5,5,32,8,71.5,69.9,1
41,intermediate,1,1.5,6,12,55.1,1,0,47,3,13.8,58.8,0
23,beginner,0,0.7,32,8,18.7,5,0,48,3,71.5,45.1,0
40,intermediate,1,5.9,66,10,50.7,2,1,38,4,100.0,26.6,0
21,intermediate,1,2.3,28,6,86.7,1,3,55,5,51.7,28.1,0
42,beginner,1,5.9,28,17,56.4,2,1,32,7,40.7,47.6,0
41,beginner,1,5.9,34,10,89.4,2,3,39,6,17.2,38.8,1
21,advanced,0,5.5,44,9,49.3,6,0,34,5,80.5,60.4,0
46,beginner,0,10.3,77,25,73.4,5,4,0,8,100.0,64.0,1
33,intermediate,1,20.0,80,30,100.0,5,0,0,15,100.0,78.9,1
47,beginner,0,6.9,45,20,55.1,1,2,17,10,63.0,68.3,1
19,advanced,0,15.4,80,18,100.0,2,1,9,15,71.3,86.6,1
24,beginner,1,4.3,42,12,66.9,1,2,24,4,79.5,53.1,1
36,beginner,0,2.0,19,15,57.0,0,2,43,4,46.0,51.6,0
25,advanced,0,3.4,13,9,51.7,2,2,44,2,52.7,33.4,0
30,advanced,1,4.5,41,9,75.0,2,0,44,6,69.1,73.2,0
43,beginner,0,16.2,80,20,100.0,6,0,21,12,92.7,89.7,1
23,intermediate,0,5.7,40,16,60.3,0,2,12,7,81.5,74.8,1
43,intermediate,1,10.5,69,15,100.0,5,0,6,15,100.0,60.2,1
21,advanced,0,4.1,28,9,49.2,0,0,60,3,45.2,74.6,0
24,beginner,0,3.7,22,4,66.1,4,3,44,10,33.8,29.3,0
40,intermediate,0,1.5,30,12,55.8,1,0,41,3,11.0,83.0,1
48,intermediate,1,15.9,80,29,86.8,6,2,6,12,84.8,70.6,1
24,intermediate,0,12.6,80,20,85.6,7,2,12,10,71.3,90.2,1
29,intermediate,0,6.3,59,8,64.1,3,2,8,11,83.8,48.9,1
53,intermediate,0,4.7,25,16,47.9,2,2,24,6,46.5,59.6,1
55,beginner,0,5.8,36,10,67.1,5,3,28,5,56.1,49.0,0
40,advanced,1,1.9,23,2,60.7,0,0,30,2,65.7,29.8,0
34,advanced,0,7.4,43,7,66.3,1,1,19,8,72.3,18.8,0
31,intermediate,1,12.0,80,17,88.1,3,7,40,11,88.9,95.0,1
41,beginner,0,12.4,72,14,80.9,4,1,11,12,100.0,77.6,1
40,beginner,0,1.5,10,4,44.9,1,2,41,6,55.3,0.0,0
29,intermediate,1,10.4,65,21,86.1,8,0,20,7,73.0,77.9,1
18,beginner,0,1.9,23,5,42.5,1,1,43,4,44.4,53.6,0
23,advanced,0,0.8,25,6,81.9,1,6,35,1,66.7,13.8,0
54,beginner,1,10.7,69,15,66.7,0,1,30,9,87.0,60.5,1
33,intermediate,0,3.8,36,9,48.9,1,2,38,6,40.0,46.0,0
36,advanced,1,9.8,64,24,75.8,4,0,7,6,95.9,89.3,1
35,beginner,1,9.3,56,15,100.0,4,4,20,4,96.8,59.1,1
47,beginner,0,8.5,48,17,53.5,4,1,21,8,89.9,86.3,1
20,intermediate,0,5.8,44,5,67.8,1,0,27,5,93.6,75.4,1
21,intermediate,0,2.1,19,13,54.6,3,1,42,0,85.5,40.4,0
28,beginner,0,4.5,51,8,62.8,3,2,38,1,100.0,24.8,0
36,intermediate,0,12.5,80,24,98.5,3,0,18,15,97.1,76.5,1
43,advanced,1,9.9,68,16,98.6,4,2,23,10,78.8,73.7,1
36,intermediate,0,4.6,39,12,53.1,1,4,32,5,29.4,43.8,0
34,beginner,1,4.6,34,13,69.3,6,0,10,9,59.0,64.3,1
53,beginner,0,8.1,40,13,45.0,6,4,31,10,72.3,66.8,0
24,beginner,0,6.0,40,16,64.4,2,2,33,9,63.8,61.3,1
39,beginner,0,4.8,37,7,49.1,3,0,21,2,26.9,51.3,1
38,beginner,1,7.7,53,17,73.6,4,1,27,5,66.9,69.3,1
35,intermediate,0,7.5,54,12,45.6,3,0,31,8,84.4,97.5,1
48,beginner,0,3.5,39,10,60.7,5,2,46,5,43.8,22.8,0
28,advanced,1,6.8,39,11,51.4,4,1,31,9,65.3,66.2,0
54,beginner,1,7.2,41,14,76.6,4,1,29,4,71.5,87.6,1
30,beginner,0,5.5,54,7,45.5,5,4,39,7,92.9,27.9,1
38,intermediate,1,3.2,36,9,51.6,5,1,32,6,91.0,62.3,0
37,advanced,0,4.4,30,10,73.2,2,1,36,6,49.2,68.1,0
50,beginner,0,2.7,25,5,60.9,0,4,29,2,55.8,14.6,0
34,beginner,0,7.0,46,13,80.8,6,2,37,8,71.1,66.9,1
28,beginner,0,1.6,20,7,69.9,4,0,22,1,60.7,40.9,1
18,intermediate,0,13.3,80,19,74.7,2,5,20,11,100.0,66.5,1
31,intermediate,1,11.7,80,19,100.0,4,4,15,8,100.0,60.4,1
49,beginner,0,7.3,51,10,47.9,2,6,35,5,28.7,65.1,0
18,beginner,1,9.6,67,26,91.4,6,0,12,8,89.4,69.0,1
52,intermediate,1,9.2,41,20,74.2,1,5,22,7,72.5,47.5,1
38,advanced,1,6.1,38,13,59.2,5,2,29,4,57.4,46.8,0
23,intermediate,1,4.9,49,15,75.7,3,0,35,2,28.5,50.6,0
29,intermediate,1,4.5,39,2,78.9,5,2,21,9,61.2,32.3,1
39,beginner,1,13.5,36,11,100.0,5,0,17,11,47.4,76.3,1
29,beginner,0,3.1,34,6,57.2,2,1,16,4,89.0,48.8,0
22,beginner,0,3.2,47,3,56.2,3,2,28,0,74.7,50.2,0
43,intermediate,0,10.1,43,16,82.1,3,4,3,12,50.8,78.4,1
43,advanced,1,9.5,75,17,85.5,3,1,28,9,50.6,71.1,1
22,advanced,0,4.7,8,14,66.2,2,4,35,4,51.2,36.0,0
28,advanced,1,7.8,60,10,79.1,5,1,29,6,89.5,46.9,1
27,advanced,0,8.5,54,17,81.4,5,5,37,10,68.9,56.5,1
43,advanced,1,2.0,0,7,38.0,1,0,34,0,45.9,44.8,0
45,beginner,0,12.1,77,21,79.6,7,3,20,9,82.6,68.5,1
45,beginner,0,8.5,66,13,52.4,4,3,23,8,100.0,62.0,1
53,beginner,0,7.4,53,19,70.8,1,2,24,7,90.0,65.5,1
47,intermediate,0,8.5,60,15,91.9,2,3,36,13,47.5,62.3,1
30,beginner,0,6.9,42,20,59.4,2,0,47,6,39.3,59.4,1
22,advanced,0,5.3,20,8,62.5,0,3,26,7,85.6,35.9,1
41,intermediate,0,1.1,24,8,58.0,1,5,48,5,68.6,19.2,0
52,intermediate,0,6.1,60,12,36.5,2,4,31,7,54.3,60.4,1
55,beginner,0,1.9,33,5,43.9,2,3,41,1,29.8,30.7,0
26,beginner,0,16.8,76,28,100.0,3,5,6,12,91.9,58.4,1
26,beginner,0,5.2,23,10,23.0,3,1,27,7,30.5,71.1,0
19,advanced,0,16.6,80,15,82.1,9,4,0,15,85.3,66.9,1
23,intermediate,0,6.2,27,0,77.9,0,3,43,7,53.0,51.4,0
39,intermediate,0,3.7,31,14,69.1,1,0,27,6,55.1,59.2,0
38,beginner,0,11.9,75,24,85.6,2,2,12,15,100.0,72.1,1
32,beginner,1,7.2,34,21,86.1,5,2,23,8,91.8,19.9,1
29,beginner,1,20.0,80,30,100.0,5,0,0,15,82.4,100.0,1
49,intermediate,1,3.6,36,4,71.1,3,2,36,4,39.8,65.5,0
35,intermediate,0,12.2,68,18,77.5,3,6,13,14,89.6,72.9,1
48,beginner,1,12.6,73,20,92.3,5,0,6,11,100.0,48.4,1
54,advanced,0,8.9,37,12,63.5,4,3,23,11,53.6,91.4,1
30,beginner,1,12.7,72,27,100.0,5,0,13,11,100.0,60.6,1
25,advanced,1,5.3,39,20,88.7,5,2,39,6,47.2,34.8,1
54,beginner,1,3.1,29,10,80.3,5,0,21,3,55.7,61.7,1
42,beginner,1,3.9,35,9,59.5,1,2,25,4,38.6,53.4,0
29,advanced,0,5.9,44,7,50.4,4,3,36,6,66.0,51.2,0
41,beginner,1,9.2,55,22,97.2,1,3,14,5,71.4,51.9,1
37,beginner,1,3.3,31,9,69.9,3,0,25,3,67.6,70.5,1
52,intermediate,0,4.5,45,9,62.9,2,1,26,2,98.5,50.9,1
27,beginner,1,3.5,28,10,55.2,0,3,33,3,47.6,18.6,1
55,intermediate,0,10.2,66,15,81.1,5,1,18,8,45.2,88.1,1
53,advanced,1,16.5,80,26,88.4,8,1,2,15,87.4,93.1,1
24,advanced,1,2.7,19,2,69.4,2,2,25,5,53.7,59.5,0
24,beginner,0,8.1,57,19,87.1,7,3,31,9,78.5,65.4,1
38,intermediate,1,11.0,61,18,100.0,6,0,30,7,74.9,100.0,1
19,beginner,0,5.0,41,15,69.2,3,0,11,5,90.5,51.3,1
29,beginner,1,2.0,22,6,41.0,3,0,22,0,52.9,46.6,0
34,beginner,1,11.8,68,19,91.1,6,0,25,10,80.7,88.7,1
54,advanced,1,1.9,18,2,86.5,1,1,53,4,33.6,38.5,0
55,advanced,1,13.9,77,25,83.5,9,0,0,14,57.5,96.7,1
23,intermediate,0,3.4,13,5,54.5,2,4,42,5,50.0,0.0,0
51,intermediate,0,1.7,24,4,68.3,3,1,55,5,56.2,41.2,0
21,intermediate,0,4.1,35,9,65.4,4,2,24,5,40.4,45.7,1
46,intermediate,0,5.6,49,12,94.1,1,3,45,5,68.5,46.9,0
50,intermediate,0,6.4,39,6,54.7,5,4,25,8,59.7,35.4,0
51,intermediate,0,8.5,73,14,57.6,3,1,26,10,74.9,77.7,1
26,beginner,0,6.8,42,16,81.3,4,0,19,5,50.1,54.2,1
51,beginner,0,15.7,80,23,76.6,7,0,16,14,98.3,93.3,1
22,advanced,1,5.5,29,10,66.8,3,1,38,5,51.2,53.9,0
37,intermediate,0,7.0,30,14,65.2,7,0,43,3,45.4,70.0,0
35,advanced,1,6.7,61,12,86.4,1,0,41,7,62.2,82.8,1
30,beginner,0,1.5,33,2,57.5,2,4,38,0,55.8,35.7,0
18,intermediate,0,2.4,30,7,58.0,3,5,60,4,72.6,45.2,0
47,beginner,0,5.9,33,16,57.6,3,3,42,3,61.8,52.2,1
30,beginner,0,7.6,68,10,83.5,6,3,30,6,78.3,47.6,1
43,beginner,0,1.0,14,4,100.0,2,0,30,1,50.4,41.1,1
33,beginner,0,16.1,80,19,100.0,5,0,0,15,100.0,87.4,1
32,advanced,0,8.0,66,18,70.2,5,5,9,6,90.0,59.0,1
51,beginner,0,5.7,47,11,45.3,5,2,19,3,72.6,53.9,0
21,intermediate,1,7.7,73,11,67.9,0,2,38,8,97.6,46.8,0
45,intermediate,0,4.0,34,10,54.1,1,1,38,4,56.0,46.4,1
46,beginner,1,6.5,40,8,65.4,3,3,21,8,66.3,28.8,1
32,intermediate,0,7.1,42,9,66.2,4,1,24,5,55.6,57.1,0
27,beginner,1,11.9,53,14,100.0,12,4,12,11,44.2,66.2,1
18,advanced,1,5.1,35,6,84.6,1,1,38,10,65.7,80.6,0
53,advanced,1,1.9,33,12,56.7,1,0,29,2,64.3,66.4,1
54,intermediate,1,3.1,33,5,46.5,5,1,38,4,52.9,31.3,0
27,intermediate,0,4.9,37,12,77.0,2,2,34,2,79.5,52.6,1
19,beginner,1,2.1,13,3,58.7,5,0,29,1,31.1,50.0,0
22,advanced,0,2.8,28,11,31.0,2,4,51,4,22.7,33.5,0
20,beginner,1,3.1,38,4,71.5,2,0,32,3,49.1,47.3,1
49,beginner,1,4.6,40,10,80.3,1,0,21,6,35.3,49.6,1
51,beginner,0,7.9,53,14,37.1,2,0,32,8,78.2,93.4,1
23,intermediate,1,4.5,27,19,55.8,0,0,32,2,40.4,48.1,1
46,intermediate,0,8.2,62,17,68.3,7,1,27,10,96.1,68.4,1
24,intermediate,1,5.7,9,9,79.8,0,2,17,3,58.6,14.4,1
31,intermediate,1,2.9,30,10,55.0,3,2,43,2,39.4,55.6,0
40,beginner,0,7.2,74,22,55.8,4,5,47,7,72.3,65.8,1
45,advanced,1,6.5,30,6,82.0,1,0,14,9,65.6,45.1,1
51,intermediate,1,8.4,51,12,72.0,6,0,26,6,88.3,59.1,0
19,intermediate,0,9.4,59,15,80.4,3,3,12,9,40.1,68.0,1
25,beginner,0,12.1,68,18,67.0,8,1,41,11,87.7,76.2,1
28,advanced,0,8.1,63,13,51.6,4,0,36,9,39.5,72.8,0
29,beginner,1,6.4,49,7,82.0,2,0,30,8,59.4,56.1,1
55,beginner,0,8.4,55,21,73.4,3,2,10,7,93.2,88.8,1
47,intermediate,1,4.2,41,4,77.6,4,4,22,6,100.0,31.4,1
30,beginner,1,4.0,32,8,58.0,2,5,40,7,53.1,78.1,0
54,beginner,0,13.1,80,25,74.1,5,2,0,15,68.6,94.7,1
36,intermediate,0,3.9,33,9,74.4,3,1,20,5,48.9,62.0,1
37,beginner,1,3.1,30,4,42.6,2,1,35,4,57.2,31.4,0
34,advanced,1,8.1,35,9,93.4,4,2,25,6,47.4,73.4,0
23,beginner,0,4.2,28,9,74.8,2,2,36,1,38.0,56.6,0
53,intermediate,0,9.4,70,13,84.3,4,4,16,8,76.3,26.2,1
18,intermediate,0,11.6,57,20,70.9,5,0,24,11,82.0,56.1,1
24,intermediate,1,3.5,8,3,52.8,0,0,25,4,37.6,56.4,1
26,intermediate,0,8.7,56,19,68.3,5,3,28,9,58.3,56.7,1
28,intermediate,1,3.8,45,9,47.7,1,3,35,1,54.4,35.5,0
23,advanced,0,4.9,37,11,47.3,4,3,37,5,53.5,63.0,0
18,beginner,1,7.0,44,19,82.4,2,0,38,11,47.8,49.2,1
43,beginner,0,4.0,13,7,65.4,2,3,28,6,31.4,36.9,1
54,intermediate,0,6.6,50,10,51.2,1,1,20,8,81.6,48.4,1
22,advanced,1,5.2,45,9,77.4,3,0,13,6,62.4,64.3,1
29,beginner,1,9.5,42,16,87.4,5,6,0,8,32.8,26.6,1
37,intermediate,0,9.5,71,16,93.2,3,2,18,5,100.0,57.0,1
53,advanced,0,4.0,40,6,64.4,4,3,32,5,70.5,18.0,0
44,intermediate,0,7.1,59,5,80.1,6,2,15,2,51.4,52.0,1
47,advanced,0,10.4,70,15,82.4,3,2,9,9,77.4,78.2,1
40,intermediate,0,2.8,32,9,66.1,0,3,51,3,43.1,51.0,0
33,intermediate,1,5.2,43,11,51.8,3,3,39,4,77.3,36.7,0
25,beginner,0,6.9,55,18,64.2,4,1,13,11,66.8,67.1,1
50,advanced,1,2.7,7,15,60.6,3,0,31,7,38.6,45.8,1
48,beginner,0,4.3,19,13,54.8,5,2,36,7,44.9,68.3,1
18,intermediate,0,14.7,78,29,95.0,4,2,2,11,63.0,79.2,1
45,beginner,1,3.9,30,12,72.9,4,1,25,8,81.3,4.9,0
21,intermediate,0,4.2,37,16,62.7,1,3,29,6,72.8,57.8,1
46,intermediate,1,8.0,55,22,74.7,1,2,35,6,60.0,52.7,1
49,intermediate,0,2.4,35,11,42.8,2,0,48,3,63.0,43.7,0
22,advanced,1,5.3,50,14,83.0,1,1,23,7,87.5,58.9,1
34,beginner,1,3.2,19,7,67.0,1,2,39,2,49.3,22.7,0
22,intermediate,1,6.6,47,12,59.6,9,2,27,7,95.9,56.2,1
39,beginner,0,0.5,6,3,44.0,1,2,31,2,91.7,43.6,0
53,beginner,0,6.0,40,14,40.4,4,1,25,4,60.7,61.8,1
21,intermediate,0,7.0,50,10,66.6,4,3,13,6,59.5,44.5,0
33,beginner,1,4.4,0,9,63.7,4,4,43,2,17.2,57.0,0
54,beginner,0,4.6,59,1,51.3,2,4,47,6,36.5,27.8,0
29,intermediate,0,4.0,38,16,77.7,5,3,29,2,84.1,34.6,0
23,intermediate,0,5.2,32,10,45.6,6,3,24,6,51.0,45.7,0
36,intermediate,0,13.3,80,23,93.9,10,3,22,9,100.0,77.8,1
37,beginner,0,9.7,57,22,100.0,6,3,32,6,94.3,57.1,1
43,beginner,0,5.2,39,12,74.6,5,4,19,3,42.8,63.1,1
29,beginner,0,4.3,29,15,57.6,2,4,31,4,38.5,46.3,1
54,intermediate,1,9.1,74,11,65.7,4,0,20,9,100.0,70.4,1
37,advanced,0,6.3,43,22,46.3,2,2,20,7,63.8,58.2,0
28,beginner,0,2.6,27,12,47.6,2,0,40,0,42.0,59.4,0
54,intermediate,1,4.8,48,11,58.5,4,0,24,5,49.8,59.0,0
53,beginner,1,12.4,80,26,80.9,7,0,8,9,88.5,52.6,1
36,beginner,0,7.8,50,9,64.2,6,4,23,8,97.1,69.3,1
18,beginner,1,4.4,45,9,64.8,6,0,17,4,78.8,55.8,1
40,beginner,1,1.8,46,12,64.8,2,0,17,2,70.5,56.1,0
39,intermediate,1,6.6,48,5,56.7,6,3,36,5,97.2,46.0,0
23,advanced,1,5.8,42,14,61.4,0,0,21,9,89.5,31.0,0
42,beginner,1,5.1,39,13,66.2,4,0,52,3,68.3,22.2,1
49,intermediate,0,9.2,71,24,70.1,9,5,41,8,100.0,40.3,1
22,intermediate,0,7.9,45,8,92.5,6,1,19,8,62.0,69.9,1
45,advanced,1,1.9,19,13,61.6,1,3,60,2,68.1,56.4,0
23,intermediate,1,5.8,26,9,49.4,3,0,38,4,46.1,63.0,1
46,beginner,0,2.3,11,5,57.2,2,3,30,0,59.0,22.4,0
33,intermediate,0,4.1,27,4,64.4,1,1,7,3,49.4,38.3,1
18,beginner,1,2.1,22,2,57.7,2,0,44,1,58.7,67.2,1
54,advanced,0,2.2,41,8,35.8,1,1,37,6,100.0,24.3,0
24,beginner,1,7.1,53,9,97.1,4,3,30,11,89.2,85.2,1
40,intermediate,0,6.7,36,16,51.1,3,1,24,6,68.8,86.5,0
24,beginner,1,5.5,32,9,78.1,2,2,18,3,43.5,83.6,0
53,beginner,1,3.9,45,4,67.2,3,2,29,6,69.9,52.0,1
46,advanced,1,2.0,33,4,66.8,1,2,44,1,40.0,35.3,0
48,intermediate,1,4.1,33,11,87.5,6,1,29,3,74.1,55.5,1
34,intermediate,1,6.7,41,12,80.3,3,2,23,5,79.2,69.0,1
35,advanced,1,6.6,56,13,65.5,1,3,12,5,71.0,42.3,1
42,advanced,1,12.3,63,23,100.0,2,1,15,10,100.0,59.7,1
47,beginner,0,11.2,72,23,70.5,5,3,5,7,100.0,62.7,1
50,intermediate,1,5.6,63,10,72.1,3,2,38,4,81.8,40.5,0
18,intermediate,0,4.1,34,5,40.4,2,5,25,6,69.0,56.7,1
43,intermediate,1,3.2,20,8,49.2,1,0,32,4,38.4,41.0,0
22,beginner,1,1.8,25,8,59.0,2,1,60,3,47.6,44.1,0
28,beginner,0,2.4,20,1,57.1,2,6,33,0,29.6,44.6,1
49,advanced,0,6.7,31,9,42.9,3,1,22,8,48.1,77.6,1
27,advanced,0,8.2,60,12,76.1,3,1,29,6,75.1,66.4,0
48,advanced,1,4.6,46,9,56.3,1,2,13,7,37.3,54.6,0
35,advanced,0,19.9,80,27,100.0,9,1,9,15,100.0,85.5,1
26,intermediate,0,2.5,21,10,47.8,1,2,46,2,68.1,57.2,0
30,intermediate,1,1.6,11,0,43.3,1,1,44,0,42.6,61.2,0
38,intermediate,1,19.7,80,23,100.0,3,0,0,15,42.4,75.1,1
47,intermediate,0,1.9,16,5,38.9,0,2,35,4,41.6,66.6,0
41,intermediate,0,4.6,25,9,75.3,2,2,19,6,27.4,38.2,0
53,beginner,1,3.4,48,3,63.2,2,0,45,7,57.6,59.8,1
50,intermediate,1,7.0,52,11,72.0,0,2,36,7,97.5,57.6,1
46,beginner,1,4.4,40,8,73.8,3,0,36,7,19.2,53.1,1
40,beginner,0,8.2,62,13,56.6,4,1,11,7,63.7,60.2,1
29,intermediate,0,9.3,66,17,56.2,1,4,36,10,96.1,42.9,0
33,beginner,0,1.8,17,4,55.6,3,0,35,1,34.3,53.5,0
22,beginner,1,3.1,30,14,48.1,5,2,53,3,42.0,39.8,0
32,advanced,0,8.7,53,17,56.7,4,3,25,8,100.0,39.0,1
53,advanced,0,10.5,69,14,87.2,3,2,23,7,90.1,51.9,1
34,beginner,1,6.2,47,12,78.5,3,2,23,7,84.7,34.5,1
22,beginner,1,7.3,45,14,58.7,2,1,39,6,75.4,52.6,1
42,beginner,1,12.7,62,25,83.2,3,5,19,7,81.3,73.0,1
54,intermediate,0,4.4,36,7,46.5,1,1,46,4,83.0,40.5,1
50,advanced,0,6.2,41,15,86.7,2,4,30,5,98.0,62.4,0
28,beginner,0,11.2,49,19,90.5,3,1,16,12,39.0,71.2,1
35,intermediate,0,11.7,75,25,74.5,6,0,21,11,86.9,73.0,1
38,beginner,1,5.2,48,16,76.2,1,0,44,8,67.8,57.0,1
27,beginner,0,3.2,53,9,37.0,0,4,45,5,64.4,59.2,0
28,advanced,1,5.2,34,10,59.9,4,3,31,4,76.5,27.1,1
26,beginner,1,5.5,34,13,71.0,1,3,11,5,63.4,73.6,1
55,beginner,1,3.1,17,7,68.3,1,7,43,3,81.6,43.4,0
46,intermediate,0,3.5,31,15,54.1,1,7,20,5,76.5,29.8,1
49,intermediate,0,11.7,72,19,83.3,5,3,15,10,100.0,86.1,1
49,advanced,0,7.5,42,12,68.6,6,4,24,6,42.8,47.3,1
54,advanced,0,4.6,33,8,56.7,1,2,17,5,43.6,53.1,0
22,beginner,0,2.6,5,3,48.9,4,4,40,4,25.5,28.1,0
51,beginner,0,3.5,39,11,50.0,2,1,55,2,86.1,62.7,0
20,intermediate,1,1.5,12,3,60.6,2,1,35,3,26.0,31.3,1
36,beginner,0,6.3,43,17,69.3,2,2,35,3,48.2,53.5,1
40,advanced,1,3.4,15,3,65.7,1,1,58,6,25.3,58.0,0
31,intermediate,0,6.6,39,13,49.6,4,4,35,7,100.0,65.0,0
23,beginner,0,8.6,52,20,57.8,1,0,16,11,68.8,55.2,1
25,advanced,0,6.7,45,4,70.3,3,5,29,4,76.0,57.8,0
49,beginner,0,4.2,38,18,76.9,1,2,37,7,41.1,32.9,0
30,intermediate,0,3.0,41,6,56.0,2,3,49,5,81.0,8.4,0
29,intermediate,1,2.3,31,8,54.6,0,0,49,2,24.8,36.2,0
53,intermediate,0,11.0,77,21,80.9,2,4,0,9,71.3,75.8,1
23,intermediate,0,6.5,59,15,49.8,2,5,18,4,63.1,45.7,1
52,intermediate,1,4.4,40,11,83.2,2,4,31,2,66.9,34.1,0
52,advanced,0,7.9,51,18,71.2,5,6,14,6,56.4,48.2,1
40,advanced,1,10.0,72,19,74.2,4,3,0,6,100.0,63.3,1
24,intermediate,0,3.4,40,15,53.1,9,0,27,7,72.1,60.3,0
23,beginner,1,6.4,51,14,65.4,3,0,27,3,58.3,36.3,1
28,intermediate,0,6.5,30,20,81.5,3,2,22,6,74.0,53.2,0
39,advanced,0,12.4,66,24,79.6,2,3,3,12,74.1,72.6,1
23,beginner,1,4.4,31,2,68.1,1,1,32,5,46.1,30.5,0
35,intermediate,1,2.9,34,18,69.3,2,0,39,4,74.9,28.7,1
22,intermediate,0,6.9,46,11,55.9,3,1,22,8,23.0,53.5,1
38,beginner,1,8.3,65,21,80.5,2,0,37,7,93.7,66.7,1
18,intermediate,0,6.1,56,12,66.8,6,0,29,6,61.4,59.6,1
44,beginner,0,12.9,80,25,63.5,1,5,4,11,78.1,58.0,1
20,intermediate,0,4.4,46,7,61.4,2,1,21,7,100.0,42.0,0
25,advanced,1,6.2,33,15,70.9,2,0,26,10,48.5,53.8,1
24,advanced,0,1.9,26,5,52.3,1,2,49,0,70.4,44.4,0
49,beginner,1,2.8,20,14,61.9,2,0,27,0,54.0,67.7,0
20,beginner,0,3.4,13,10,58.7,2,0,40,5,51.0,17.7,0
34,intermediate,1,4.9,33,14,84.9,1,4,32,7,53.6,52.9,0
40,advanced,1,2.1,36,0,44.0,1,3,57,7,54.8,36.1,0
37,intermediate,0,7.8,56,14,64.1,3,0,28,9,100.0,73.0,1
43,advanced,0,3.2,48,10,63.3,1,2,28,6,85.3,62.1,0
48,beginner,0,17.9,80,28,100.0,9,7,8,15,82.0,64.9,1
32,advanced,1,3.3,53,12,68.9,1,0,42,7,53.3,64.7,0
49,beginner,0,5.8,43,10,98.1,2,0,25,7,54.6,39.7,1
30,beginner,1,5.3,39,11,77.0,3,1,18,3,80.0,56.0,1
55,intermediate,0,2.7,12,12,67.7,2,2,41,3,64.6,38.8,0
37,beginner,1,4.9,47,1,63.6,2,0,31,5,77.9,56.3,0
45,beginner,0,4.8,31,13,46.6,2,3,16,5,27.6,31.6,1
51,beginner,0,9.3,52,15,68.9,4,4,23,8,85.0,64.4,1
48,intermediate,1,7.0,60,9,83.3,7,3,19,10,100.0,77.2,1
50,intermediate,0,7.8,62,15,73.6,1,3,9,6,81.5,41.3,1
38,beginner,1,9.2,69,21,85.9,5,0,17,10,100.0,72.3,1
19,intermediate,0,7.9,48,18,65.8,1,5,37,8,44.8,63.0,0
36,advanced,0,6.4,43,12,59.3,9,0,39,4,77.4,55.9,0
24,beginner,1,3.4,28,12,60.9,1,1,44,2,36.2,68.3,0
51,beginner,1,6.1,50,15,80.8,2,3,31,2,89.1,44.1,1
26,advanced,1,3.0,42,8,72.8,1,0,41,4,75.4,47.8,0
26,advanced,0,5.1,41,8,47.2,2,3,31,5,96.1,32.4,0
27,intermediate,0,4.7,55,8,69.0,4,3,20,3,82.5,47.9,1
42,advanced,0,4.9,45,14,51.2,3,2,22,1,59.2,49.7,1
39,beginner,1,2.1,20,7,65.5,1,2,31,4,40.2,50.3,0
54,beginner,0,0.5,23,0,44.0,0,1,55,1,46.6,29.1,0
33,intermediate,0,4.1,50,3,77.8,1,1,43,3,60.8,40.0,0
28,beginner,0,10.5,80,21,71.1,7,6,7,7,100.0,62.6,1
19,intermediate,0,5.7,52,9,64.5,1,2,29,5,94.4,73.3,1
18,intermediate,0,10.1,63,18,83.0,1,4,15,10,52.2,69.6,1
32,intermediate,0,3.0,25,13,42.6,1,1,34,3,53.2,74.3,0
53,intermediate,1,4.0,38,4,64.0,3,1,27,2,62.7,58.1,0
37,beginner,1,18.5,80,28,100.0,8,3,13,15,76.9,98.0,1
51,beginner,0,3.1,32,7,47.7,0,1,35,6,65.3,57.2,0
21,beginner,1,7.7,55,16,70.3,1,1,26,7,99.8,83.9,1
21,intermediate,1,7.7,51,19,90.5,6,4,27,7,86.8,71.1,1
49,beginner,0,7.2,45,8,58.7,5,0,15,6,90.7,46.7,1
22,beginner,0,7.7,49,16,75.6,2,3,25,5,56.4,67.8,1
19,beginner,0,3.1,29,12,58.3,0,2,46,2,56.0,47.9,0
33,beginner,0,4.3,51,9,39.6,2,1,47,1,56.9,47.7,0
53,advanced,1,0.5,12,4,61.4,0,1,29,4,47.7,12.2,0
44,beginner,1,12.7,76,22,72.6,8,0,0,12,94.1,57.4,1
21,advanced,0,7.7,42,15,76.3,1,7,25,7,81.7,38.2,0
49,beginner,1,3.4,36,11,56.7,2,0,45,4,83.8,29.0,1
50,intermediate,0,3.0,41,10,54.1,2,0,39,4,76.1,44.5,0
48,intermediate,1,10.6,80,14,68.0,4,2,24,8,75.5,78.7,1
52,beginner,1,3.3,30,12,64.4,2,2,21,3,31.7,35.7,0
27,advanced,0,3.4,35,13,67.3,1,2,28,3,68.9,46.2,0
55,advanced,0,2.6,23,8,42.2,2,2,14,8,78.1,26.2,0
30,advanced,1,8.6,60,9,70.9,4,0,21,10,76.6,72.0,1
48,beginner,1,10.0,65,16,88.8,2,0,0,9,53.0,79.5,1
40,beginner,0,4.7,36,11,65.3,2,2,45,7,97.7,27.7,1
47,intermediate,0,10.0,63,12,43.4,4,3,35,11,87.9,51.7,1
41,beginner,0,6.8,51,11,91.6,5,6,28,4,73.8,24.8,1
42,intermediate,1,2.5,21,2,67.2,1,3,21,3,28.7,46.5,0
41,intermediate,1,12.1,70,22,98.4,5,1,18,11,84.3,78.3,1
47,intermediate,1,2.5,42,8,58.8,5,0,55,4,76.8,47.4,0
46,advanced,1,4.9,64,4,43.7,1,3,35,4,88.9,44.8,0
23,intermediate,1,4.7,24,12,75.9,3,3,43,5,39.6,50.9,0
49,beginner,1,4.2,20,9,58.2,6,0,28,3,48.0,58.5,1
38,beginner,0,1.1,8,8,55.5,1,0,31,4,29.5,36.2,1
30,intermediate,1,16.3,80,24,99.0,9,0,4,11,100.0,82.6,1
37,intermediate,0,1.3,27,2,51.9,0,1,20,1,70.0,40.2,0
54,beginner,0,12.6,80,17,72.6,5,2,36,7,81.6,71.4,1
50,beginner,1,2.9,28,6,73.0,1,1,37,1,33.6,77.3,1
49,intermediate,1,3.7,36,9,48.5,2,0,42,5,65.2,45.9,0
35,advanced,1,11.8,64,20,100.0,4,4,10,11,70.9,70.3,1
47,intermediate,0,7.3,46,13,95.9,2,4,10,6,59.7,58.2,0
32,beginner,1,1.9,21,5,80.0,0,0,52,5,29.3,67.1,0
44,beginner,0,1.9,6,5,67.2,0,1,26,5,21.0,30.9,1
42,intermediate,0,6.6,33,23,63.7,1,1,30,6,61.0,78.3,1
27,beginner,0,2.5,13,4,67.7,3,2,41,4,39.3,39.8,0
28,intermediate,1,7.5,57,11,74.2,2,1,26,6,100.0,98.4,1
20,intermediate,0,7.9,54,27,48.6,4,2,16,9,83.5,64.9,1
23,beginner,1,3.2,34,10,82.0,2,0,33,1,38.1,31.7,1
34,beginner,0,3.8,13,3,71.1,4,8,24,8,16.5,25.2,0
36,beginner,0,6.7,31,16,64.8,1,2,35,9,63.9,75.6,0
24,advanced,1,3.1,34,4,46.3,6,0,41,1,51.7,51.0,0
33,intermediate,0,5.7,13,15,54.6,1,3,29,4,68.1,48.4,1
40,beginner,1,19.2,80,28,86.8,7,1,0,15,96.1,100.0,1
26,advanced,1,7.0,29,11,86.1,3,1,47,6,19.6,54.1,1
30,intermediate,0,4.2,42,16,36.8,3,4,19,5,46.1,38.3,0
31,intermediate,1,17.3,80,29,100.0,11,3,0,14,78.8,72.1,1
37,advanced,1,9.0,67,20,69.0,3,6,21,11,89.9,76.7,1
31,beginner,1,2.6,57,9,42.1,1,1,34,3,56.0,26.9,0
46,beginner,1,2.9,4,6,64.9,3,1,46,8,40.6,48.9,0
30,intermediate,1,1.4,26,8,52.9,5,2,45,3,29.1,45.7,0
34,beginner,1,6.7,27,18,83.9,3,0,27,4,54.0,61.1,1
32,intermediate,0,1.0,21,6,31.4,1,1,45,6,56.4,21.2,0
24,beginner,1,17.3,80,30,94.9,9,2,7,15,100.0,74.2,1
44,beginner,1,4.6,36,13,35.6,1,3,53,5,64.6,53.4,1
26,beginner,1,9.3,49,17,52.6,2,1,23,10,54.6,55.1,1
29,intermediate,1,4.3,41,11,89.2,3,0,25,2,90.6,22.7,0
48,beginner,0,6.6,31,13,91.9,1,3,29,3,53.4,57.9,0
54,beginner,1,5.0,49,5,69.1,6,2,4,5,83.2,36.8,1
43,advanced,1,5.6,36,11,59.2,3,0,29,8,49.2,67.5,1
52,beginner,0,11.1,53,19,74.4,3,3,27,11,73.7,63.4,1
50,beginner,0,14.3,80,21,99.3,5,0,15,15,76.6,82.1,1
36,beginner,1,13.7,80,23,87.3,9,4,14,15,96.8,72.5,1
47,beginner,0,20.0,80,30,100.0,6,6,2,15,100.0,68.9,1
30,beginner,1,3.3,41,11,62.8,5,2,45,6,54.8,32.2,1
35,intermediate,0,7.0,39,16,58.6,3,2,40,10,52.4,52.5,0
38,beginner,0,3.4,28,9,48.3,0,6,39,4,61.0,15.6,0
54,advanced,1,10.8,67,13,89.3,2,0,14,9,67.0,85.3,1
50,advanced,1,2.7,41,15,48.3,2,5,13,3,36.4,28.9,0
36,beginner,1,11.2,72,18,92.5,4,2,26,5,91.8,48.1,1
42,beginner,1,6.2,45,12,65.5,1,2,33,7,64.6,45.5,1
25,beginner,1,5.2,36,9,70.1,0,1,32,7,57.9,55.0,1
48,intermediate,1,5.6,39,9,87.7,3,2,22,6,71.7,45.1,1
39,beginner,1,2.3,37,13,57.7,4,3,46,4,72.8,44.4,0
38,advanced,1,2.5,24,13,72.3,3,0,34,3,48.9,56.5,1
47,intermediate,1,6.3,39,14,48.6,4,1,27,2,42.1,93.1,0
42,advanced,0,6.3,38,12,57.7,3,5,27,9,50.1,62.3,1
20,intermediate,0,3.5,24,11,55.8,2,1,39,3,62.3,23.6,0
28,advanced,1,4.5,21,10,91.6,6,1,20,3,52.2,46.1,0
24,beginner,1,7.4,41,13,49.6,8,0,31,10,53.8,59.6,1
45,beginner,1,3.1,42,9,60.9,0,2,28,5,50.3,52.4,0
19,beginner,0,1.3,16,4,67.7,2,3,32,3,57.3,21.1,1
25,advanced,1,12.9,80,22,81.6,5,1,21,13,87.0,70.4,1
40,intermediate,0,6.6,20,13,61.9,1,2,17,4,62.5,36.3,1
44,advanced,1,3.9,37,12,69.1,1,0,42,4,76.7,43.5,0
37,beginner,1,3.4,27,6,65.5,2,4,35,6,48.3,30.3,0
50,advanced,1,3.0,22,11,82.5,4,1,19,2,67.5,42.0,0
52,intermediate,1,10.8,68,14,91.2,8,0,31,8,85.1,56.7,1
23,intermediate,0,2.0,17,4,68.3,0,4,40,3,51.7,49.2,0
54,advanced,0,7.0,26,11,61.3,1,5,30,7,13.8,54.5,1
41,beginner,1,7.0,56,9,64.3,3,0,36,8,56.7,40.6,1
42,beginner,1,8.7,58,19,76.2,8,0,37,5,59.1,68.2,1
21,intermediate,0,4.2,30,6,42.5,3,5,34,0,50.3,14.9,0
41,beginner,0,12.3,64,17,88.1,1,0,20,13,81.9,99.4,1
45,beginner,0,8.9,42,21,66.6,2,6,25,6,67.2,74.6,1
40,beginner,0,4.1,35,7,48.5,3,2,29,3,64.6,46.2,0
21,beginner,0,3.2,44,7,61.2,0,2,19,0,53.5,31.6,1
37,advanced,0,5.0,39,6,45.1,5,4,33,7,74.7,34.0,0
53,intermediate,1,4.0,18,13,75.0,2,2,47,5,80.2,40.0,0
45,beginner,0,2.9,29,11,47.4,1,3,41,4,48.9,38.6,0
23,beginner,0,5.7,40,14,77.2,2,1,18,6,51.1,75.8,1
54,intermediate,0,4.5,43,12,53.5,1,6,43,1,52.8,50.9,0
54,intermediate,0,14.0,80,23,95.3,3,2,7,10,92.5,93.5,1
24,advanced,1,4.0,2,7,67.3,2,1,12,3,26.9,52.3,0
48,advanced,0,3.2,34,5,64.3,2,6,45,2,27.7,15.0,0
33,beginner,1,5.5,29,16,70.9,8,1,20,5,29.1,43.0,0
40,beginner,1,6.4,30,15,50.7,10,1,45,7,74.4,58.5,1
34,intermediate,0,6.7,44,10,78.4,6,1,38,8,88.9,40.6,1
47,intermediate,1,6.7,50,13,72.0,6,3,24,3,98.8,57.0,1
55,intermediate,1,5.6,24,10,80.1,3,0,34,5,55.9,70.0,1
48,intermediate,0,5.3,46,6,70.0,1,1,54,7,49.4,62.3,1
53,intermediate,0,8.0,59,15,58.9,3,1,34,6,68.4,70.1,0
53,beginner,1,2.7,26,6,49.2,3,0,38,3,26.4,20.6,1
21,beginner,1,3.2,20,4,71.2,4,0,60,5,21.5,70.4,0
27,beginner,1,1.6,10,0,53.9,2,0,39,2,46.6,21.7,0
45,beginner,1,2.7,36,1,73.3,2,0,42,5,69.9,46.4,1
40,beginner,0,10.2,48,16,73.2,3,3,9,9,100.0,72.8,1
19,intermediate,1,7.8,61,14,89.6,3,2,7,7,76.2,64.2,1
21,beginner,0,15.1,80,20,95.9,4,3,4,11,66.6,60.3,1
37,beginner,0,13.0,76,24,87.9,5,3,12,12,86.0,56.3,1
41,intermediate,1,7.8,34,14,71.6,2,0,27,7,53.7,69.3,1
24,intermediate,1,6.0,41,14,74.0,1,0,14,4,54.9,66.9,1
24,beginner,1,5.5,46,10,85.1,5,3,36,7,73.4,32.1,0
22,advanced,0,0.9,3,2,47.0,0,3,32,4,15.2,39.8,0
39,advanced,0,5.2,43,11,67.4,1,2,36,4,67.5,27.8,0
18,intermediate,1,3.7,31,4,64.6,4,4,43,2,68.4,49.1,0
39,intermediate,1,2.8,20,10,63.0,0,0,32,2,74.6,35.7,0
36,beginner,1,7.0,56,9,96.5,3,1,16,3,79.8,60.8,1
35,advanced,1,4.8,14,14,82.9,4,2,47,9,63.6,47.9,0
43,beginner,0,5.8,44,10,63.3,2,3,37,5,57.8,66.9,1
37,advanced,0,2.5,41,12,55.3,0,4,38,1,58.2,39.7,0
45,intermediate,0,9.1,72,11,63.2,5,3,36,6,100.0,51.1,1
47,beginner,0,4.0,36,6,54.7,1,3,34,3,35.5,49.1,1
52,beginner,0,6.8,43,14,69.5,5,1,20,5,57.8,90.9,1
48,intermediate,1,4.2,27,14,76.7,3,2,22,7,74.2,58.6,1
37,intermediate,0,0.7,13,12,57.0,2,1,39,0,40.3,38.5,0
36,beginner,0,7.2,54,14,52.3,3,3,33,4,67.7,41.6,1
26,intermediate,1,5.0,29,18,80.6,2,0,44,6,50.5,46.6,0
40,advanced,0,1.5,27,5,48.4,0,0,39,2,56.0,55.1,0
23,intermediate,0,2.3,45,11,39.0,3,3,49,2,86.0,25.0,0
53,intermediate,1,9.3,58,12,98.1,3,0,19,10,92.2,69.7,1
50,beginner,0,1.6,7,8,68.8,3,5,31,3,40.1,51.7,0
22,intermediate,1,3.9,18,0,68.1,3,1,20,4,67.3,51.8,0
47,beginner,1,15.9,80,20,100.0,7,1,0,11,97.2,71.8,1
22,advanced,0,7.3,48,15,77.0,3,1,12,4,84.1,93.2,1
45,beginner,1,8.5,63,10,96.6,1,2,43,6,60.6,87.6,1
21,intermediate,1,4.5,29,12,75.9,3,0,36,2,86.6,61.9,1
36,beginner,1,1.4,27,9,40.0,3,1,38,3,57.9,60.7,0
42,beginner,1,6.1,41,10,97.5,4,0,45,2,14.2,55.6,1
45,intermediate,1,2.4,17,3,74.1,0,3,23,2,76.8,49.6,0
33,intermediate,1,2.2,19,5,53.1,2,0,36,2,48.4,40.8,0
53,intermediate,1,5.7,28,8,56.7,3,1,49,5,47.5,34.9,0
47,advanced,0,2.5,45,7,59.2,1,1,35,4,55.6,84.0,0
25,advanced,1,5.3,37,11,65.2,3,0,54,5,68.8,35.8,1
43,advanced,1,3.3,35,7,67.2,4,2,42,2,43.5,49.1,0
45,beginner,1,5.1,32,17,78.1,1,2,43,8,47.0,54.8,1
30,intermediate,0,3.7,20,6,48.8,0,1,47,3,39.0,56.7,0
46,advanced,0,5.2,36,16,46.2,3,3,30,8,54.9,46.4,0
52,beginner,0,12.4,80,16,87.2,4,2,9,10,81.7,72.5,1
49,beginner,0,8.6,50,15,63.9,3,3,21,8,85.4,60.6,0
46,advanced,0,4.9,28,15,61.5,5,0,21,5,59.5,62.8,0
42,intermediate,0,11.2,70,23,61.3,6,5,15,10,91.1,60.9,1
28,intermediate,0,6.9,51,11,62.4,7,1,26,6,81.7,58.0,1
48,advanced,1,10.8,80,20,94.6,2,5,34,10,89.3,39.7,0
31,intermediate,0,1.8,24,8,58.1,2,2,44,5,33.4,69.8,0
38,intermediate,1,2.6,31,5,50.4,0,0,60,5,89.2,56.2,0
29,beginner,0,6.1,50,14,48.1,4,4,6,8,86.7,50.6,1
29,beginner,0,4.8,24,18,59.6,4,2,19,2,80.8,39.9,1
23,beginner,0,5.3,29,13,68.0,3,2,26,3,73.9,35.7,1
54,intermediate,1,7.6,39,16,81.0,3,1,39,8,54.0,74.2,1
23,advanced,0,6.1,29,15,56.7,4,1,27,7,13.0,54.2,0
21,beginner,1,9.1,66,10,84.2,5,1,6,7,59.1,75.5,1
53,beginner,1,9.0,60,17,99.4,6,3,19,7,88.5,39.4,1
39,advanced,0,2.7,26,3,55.6,1,0,24,6,51.4,71.7,0
34,beginner,1,0.8,0,3,34.1,0,3,26,3,27.4,47.0,0
46,intermediate,0,2.5,45,16,55.2,1,2,56,5,21.6,40.9,0
32,intermediate,0,2.4,15,6,78.8,0,2,33,2,45.3,48.7,0
22,intermediate,0,5.5,60,8,44.8,2,1,31,4,57.5,65.7,0
45,beginner,0,5.5,25,16,61.8,1,4,29,7,39.5,25.4,0
24,intermediate,1,4.6,27,6,63.8,7,1,29,4,69.2,76.9,1
39,beginner,1,7.0,25,11,75.4,3,2,17,5,34.0,63.8,1
54,intermediate,1,20.0,80,30,100.0,5,3,0,15,74.2,84.4,1
53,beginner,0,4.5,24,10,73.4,5,3,35,4,55.1,29.0,1
31,intermediate,1,6.2,32,6,72.8,2,0,42,8,73.1,74.8,1
47,intermediate,0,5.2,25,13,77.4,1,4,39,2,45.3,48.0,0
41,beginner,0,3.5,37,7,54.0,5,1,22,5,87.3,55.4,0
36,beginner,0,7.6,57,20,63.3,4,3,34,6,51.9,55.8,1
23,beginner,1,4.4,52,7,57.4,4,1,37,4,45.2,36.0,0
32,beginner,1,3.0,20,12,38.3,5,0,29,3,21.3,57.2,1
42,beginner,0,3.2,30,15,58.0,1,3,37,3,26.3,38.1,0
55,advanced,1,9.3,46,13,100.0,2,2,26,8,73.3,63.5,1
18,beginner,1,7.5,46,13,81.5,2,2,25,6,49.6,93.7,1
45,advanced,1,3.8,26,10,73.3,0,0,38,3,27.8,65.1,0
50,advanced,1,7.0,52,10,68.5,4,1,17,9,78.2,73.2,1
54,beginner,1,5.3,49,12,65.7,2,0,50,5,84.1,97.7,1
34,intermediate,1,6.3,53,11,84.7,2,0,8,6,91.0,66.0,1
22,advanced,1,3.4,21,7,89.4,2,0,40,2,65.5,52.8,0
28,intermediate,0,2.5,34,7,71.7,1,1,40,2,42.3,34.7,0
50,intermediate,1,4.4,33,10,76.6,5,2,38,3,63.1,41.2,1
51,intermediate,0,2.8,23,8,53.8,0,2,29,5,60.0,12.2,0
42,beginner,1,2.6,18,5,63.6,4,4,48,2,39.1,48.3,0
22,intermediate,0,1.8,16,4,40.7,3,3,37,0,49.2,17.9,0
22,advanced,0,0.8,33,5,28.5,2,0,28,2,35.6,56.0,0
36,advanced,0,3.8,34,9,41.8,4,4,22,4,47.5,39.6,0
40,beginner,0,10.4,66,16,76.8,2,2,19,8,87.9,69.1,1
19,intermediate,0,8.9,54,17,67.8,5,0,6,10,99.9,67.7,1
44,beginner,0,13.5,80,14,66.5,7,0,29,6,100.0,100.0,1
38,advanced,0,2.6,38,4,52.2,3,2,47,6,73.5,60.3,0
18,beginner,0,7.9,44,13,64.7,3,1,42,9,67.2,62.0,1
21,advanced,1,4.9,34,7,52.3,2,2,48,4,57.4,36.0,0
35,advanced,1,3.2,26,15,57.7,1,0,31,3,27.1,64.0,1
45,beginner,1,9.7,62,17,77.8,4,0,11,10,63.4,56.3,1
49,beginner,0,4.9,29,11,51.6,1,0,4,6,40.8,32.3,1
34,advanced,0,1.3,23,4,60.8,1,2,35,1,61.4,45.5,0
29,beginner,1,8.8,71,15,54.7,5,0,39,5,100.0,86.4,1
54,intermediate,0,6.7,32,8,39.2,4,7,18,11,70.7,34.3,0
35,advanced,0,5.7,29,11,62.2,4,2,27,7,76.6,58.4,0
29,intermediate,1,2.2,18,3,60.8,2,0,31,3,48.9,40.7,0
34,beginner,1,6.2,38,11,76.7,4,2,32,6,43.9,64.5,1
18,intermediate,0,12.4,80,10,75.3,6,0,26,12,90.1,96.2,1
29,beginner,1,6.6,55,8,60.7,3,0,12,8,60.5,57.0,1
37,advanced,0,1.6,30,12,49.8,1,1,25,0,67.8,26.8,0
52,beginner,1,6.9,44,16,67.9,1,1,41,6,59.3,37.1,1
46,beginner,0,6.6,42,18,85.0,3,2,34,5,62.6,69.0,1
47,beginner,0,8.3,39,20,65.8,5,4,20,7,74.8,37.6,1
38,advanced,1,6.5,52,15,71.8,4,5,44,8,58.1,51.3,1
22,beginner,0,2.6,30,6,85.1,2,1,22,0,73.4,57.1,0
32,advanced,1,5.5,52,7,67.0,1,0,39,3,47.1,50.1,1
55,intermediate,0,4.4,32,14,65.5,2,1,31,3,62.9,48.6,1
19,advanced,1,5.9,40,12,79.2,7,0,34,6,61.4,74.0,1
51,advanced,1,9.9,63,27,92.2,10,0,0,11,94.0,59.5,1
44,advanced,0,3.3,37,7,58.7,2,5,32,7,36.2,22.0,0
28,advanced,1,14.7,71,30,99.8,2,2,15,12,57.1,77.7,1
47,beginner,0,6.8,54,12,66.8,1,3,26,8,86.3,72.1,1
49,intermediate,0,8.8,56,21,64.0,6,3,34,9,67.2,83.4,1
19,intermediate,0,8.1,42,21,73.6,4,4,36,9,62.8,52.5,1
22,intermediate,1,6.7,25,9,99.4,5,1,17,6,40.6,47.7,1
43,advanced,1,7.5,48,12,91.1,3,1,33,6,85.0,76.8,0
55,advanced,1,0.5,29,1,58.5,2,3,31,0,60.7,7.6,0
18,intermediate,1,8.1,69,10,88.4,6,1,24,5,87.6,66.7,1
43,intermediate,1,2.8,30,10,50.1,1,5,42,4,34.9,33.3,0
23,intermediate,0,5.1,57,10,56.8,2,5,22,5,83.9,60.7,0
42,beginner,1,6.6,45,13,85.3,3,1,35,5,48.6,79.2,1
41,beginner,1,10.2,72,19,100.0,2,3,14,10,73.5,49.4,1
21,beginner,0,2.8,21,0,43.4,2,2,30,3,25.1,45.5,0
43,beginner,1,3.9,26,14,58.4,0,3,40,2,50.4,34.9,1
52,beginner,0,4.3,27,8,86.1,5,0,24,4,73.1,49.2,1
50,intermediate,0,6.0,21,14,64.2,2,2,19,7,53.8,62.4,0
19,intermediate,0,4.4,47,12,82.0,3,2,42,3,59.9,43.2,0
27,advanced,0,7.5,43,19,70.1,3,0,26,7,67.1,66.8,1
27,intermediate,0,1.3,11,5,52.1,1,0,24,2,44.6,58.6,0
35,beginner,1,4.8,24,2,63.5,5,1,39,3,53.0,75.1,1
23,beginner,1,13.2,76,21,100.0,3,1,8,11,91.4,83.4,1
50,beginner,1,4.4,52,11,84.0,2,0,18,1,52.7,56.0,1
47,advanced,0,6.9,67,9,52.1,4,3,1,7,83.8,36.3,0
48,beginner,0,9.2,41,17,68.1,3,2,30,6,32.1,87.3,1
25,intermediate,0,6.7,42,11,77.1,3,1,18,9,74.8,65.9,1
18,advanced,1,15.5,79,19,97.9,6,0,0,13,70.5,91.7,1
52,advanced,0,5.6,50,14,55.4,1,3,36,4,91.2,50.2,1
28,beginner,1,7.7,53,12,89.3,2,3,32,9,28.1,61.1,0
42,beginner,1,6.2,36,10,85.8,3,2,20,4,90.3,65.3,1
52,beginner,1,11.6,71,17,82.0,7,9,24,9,55.2,63.6,1
19,beginner,1,4.0,27,14,67.8,4,0,53,1,32.3,77.0,0
18,beginner,0,16.3,80,25,78.1,5,2,18,15,96.4,89.7,1
18,intermediate,1,3.4,34,9,51.5,2,1,46,7,69.9,74.1,1
23,advanced,1,13.9,80,20,96.3,4,1,13,9,85.9,97.4,1
19,intermediate,1,2.6,0,9,61.1,3,4,32,1,51.1,35.3,0
49,intermediate,1,7.9,51,20,64.0,6,0,23,7,56.4,40.2,1
41,beginner,1,5.3,59,13,59.6,3,1,34,4,69.1,55.2,1
55,advanced,1,9.1,71,19,66.5,3,0,8,8,79.3,92.5,1
48,intermediate,0,7.0,28,15,71.8,4,5,18,6,44.9,35.7,1
54,advanced,1,8.8,53,10,53.8,2,2,7,9,37.3,63.4,1
27,advanced,1,2.5,12,4,47.3,5,1,39,1,43.0,47.5,0
28,beginner,0,1.5,37,5,25.3,4,0,39,3,58.8,59.0,0
50,beginner,1,2.2,25,4,65.0,3,1,30,1,71.9,38.2,1
27,beginner,0,2.2,15,3,28.0,2,4,45,2,22.4,21.9,0
20,intermediate,1,2.5,25,0,60.8,4,2,26,0,41.0,50.5,1
43,advanced,0,3.5,4,3,76.9,1,2,27,3,59.5,34.2,0
48,beginner,0,3.5,19,8,77.3,2,0,42,3,53.6,23.7,1
54,intermediate,1,5.4,39,11,45.6,5,1,39,7,72.2,81.8,0
53,intermediate,0,2.9,35,5,57.7,4,2,27,3,67.7,57.3,0
22,beginner,0,3.1,8,8,41.5,2,4,37,4,48.8,66.2,0
47,beginner,0,4.6,31,8,43.4,3,4,24,5,89.5,55.9,0
50,intermediate,0,9.9,71,21,73.1,1,7,17,5,86.3,60.8,1
44,intermediate,1,4.0,17,9,80.9,4,0,34,0,28.7,58.3,1
49,intermediate,1,5.1,40,13,76.2,2,3,36,4,74.5,44.7,0
49,beginner,0,5.7,41,12,52.8,2,1,32,6,53.5,62.9,1
34,intermediate,1,2.7,43,2,70.2,1,3,39,3,63.1,31.3,1
19,beginner,0,4.2,31,9,28.6,2,4,21,3,63.4,25.5,0
35,advanced,1,3.3,27,3,53.1,2,0,38,3,39.1,45.6,0
25,beginner,0,9.3,67,16,62.2,5,3,26,8,72.7,80.2,1
22,beginner,0,8.8,43,13,72.6,4,1,29,10,73.7,46.8,1
22,intermediate,0,3.1,25,10,51.6,3,0,28,5,42.6,31.6,0
44,intermediate,1,5.1,33,5,66.4,3,0,39,4,75.6,65.1,0
37,intermediate,0,7.7,49,14,65.9,1,2,11,7,51.5,52.5,1
38,intermediate,0,6.5,53,15,64.8,4,1,23,7,54.3,65.1,1
46,advanced,1,6.9,52,17,80.8,0,2,23,7,100.0,71.1,1
38,intermediate,1,2.7,18,4,63.0,1,0,23,6,20.1,55.6,0
41,intermediate,0,13.6,80,22,82.1,5,4,8,12,90.5,62.1,1
21,intermediate,1,3.5,44,9,68.7,3,0,36,6,99.1,70.4,1
50,beginner,1,3.4,21,15,74.0,5,4,16,1,49.2,50.1,0
35,intermediate,0,2.0,23,1,43.8,3,2,33,1,75.3,40.8,0
23,beginner,1,4.8,34,7,66.5,2,2,14,1,70.5,48.9,1
48,intermediate,0,10.5,64,29,91.6,3,0,38,10,79.7,79.2,1
45,beginner,1,6.5,28,11,58.0,3,2,29,7,52.2,50.0,1
20,advanced,0,5.0,51,3,83.5,3,4,32,0,32.6,19.6,0
25,intermediate,1,8.5,47,13,61.0,2,1,25,8,62.2,75.3,1
18,advanced,0,10.3,74,6,71.5,2,0,24,10,91.0,83.5,0
28,intermediate,0,8.8,50,16,59.2,5,1,31,9,74.2,30.8,1
21,beginner,1,1.2,12,9,84.9,2,6,24,0,87.8,33.4,0
44,advanced,0,8.5,67,11,64.0,6,0,36,9,87.0,93.6,1
37,intermediate,1,7.1,58,11,67.8,3,2,38,7,86.9,39.8,1
55,intermediate,1,3.0,29,12,57.2,3,4,34,5,76.3,36.5,0
46,intermediate,1,7.1,55,6,75.6,3,2,24,6,83.2,54.1,1
41,intermediate,0,10.5,62,12,72.3,5,0,0,10,76.9,98.6,1
37,advanced,1,3.6,30,8,62.0,4,0,21,6,54.5,68.3,0
20,intermediate,0,9.2,51,13,26.8,1,0,26,8,64.4,56.3,1
20,beginner,0,6.5,54,11,65.4,2,5,39,7,80.8,51.1,1
41,intermediate,1,0.5,8,0,54.7,1,0,48,4,37.5,76.1,0
18,intermediate,1,5.3,53,12,82.3,1,1,29,5,83.3,44.5,1
19,advanced,1,6.4,41,12,89.2,1,0,47,4,45.5,60.3,0
26,beginner,0,4.4,34,12,55.6,1,4,42,6,61.4,49.7,1
51,intermediate,1,6.7,53,14,83.7,2,3,23,9,100.0,43.3,1
35,advanced,1,4.9,37,11,53.4,4,3,53,7,56.9,73.1,0
44,intermediate,0,18.2,80,22,100.0,7,4,0,15,100.0,79.2,1
33,intermediate,1,4.2,32,11,58.0,3,0,18,0,60.3,32.5,1
24,intermediate,0,3.1,36,7,38.8,4,1,31,2,59.2,39.0,0
32,beginner,0,8.9,50,15,69.4,2,2,14,7,72.1,72.4,1
21,intermediate,1,4.5,33,14,84.8,6,2,28,5,52.5,36.5,1
47,beginner,1,5.1,37,8,70.6,1,0,38,8,25.2,60.8,0
24,beginner,0,4.8,45,16,78.8,4,4,31,3,82.3,51.8,1
32,intermediate,0,8.6,54,21,61.2,2,2,22,12,100.0,43.5,1
55,intermediate,0,2.5,42,10,66.0,4,5,37,2,73.0,24.4,1
40,advanced,1,9.2,56,12,72.2,3,0,0,7,83.9,74.7,1
35,beginner,0,7.5,47,5,70.4,1,1,10,9,64.6,71.5,1
38,beginner,0,14.8,80,28,92.1,4,1,4,15,100.0,76.2,1
47,advanced,1,6.1,29,12,79.8,4,1,20,7,54.6,58.7,1
27,beginner,0,2.6,15,4,56.0,1,0,34,2,50.3,44.0,1
42,beginner,1,6.1,37,17,61.7,2,1,42,7,32.7,67.5,0
51,beginner,0,6.6,56,9,76.3,4,1,26,4,64.7,65.9,1
39,intermediate,1,11.1,67,17,100.0,3,1,3,8,88.5,66.8,1
34,advanced,0,2.6,20,9,45.2,4,4,28,3,65.3,43.5,0
23,intermediate,0,1.6,32,2,26.0,1,2,55,1,74.2,33.0,0
27,intermediate,0,6.2,58,12,70.1,3,4,43,8,47.2,54.7,1
53,beginner,1,15.2,80,28,94.2,3,1,13,12,64.4,92.6,1
38,beginner,1,8.2,44,15,75.8,4,3,8,7,76.3,92.7,1
29,intermediate,0,8.5,49,20,77.6,2,1,26,6,55.9,59.0,0
33,beginner,0,2.0,40,11,44.9,5,0,41,5,79.1,44.1,1
39,beginner,1,5.6,42,11,66.2,5,0,29,4,35.1,48.1,0
38,beginner,0,11.2,65,9,77.3,3,0,11,12,78.7,60.3,1
44,beginner,0,6.7,52,8,84.1,3,3,23,8,70.8,45.4,1
27,intermediate,1,1.5,30,9,58.0,3,0,32,1,64.6,54.9,0
42,intermediate,0,5.5,34,5,45.4,4,2,18,5,40.2,62.6,0
34,beginner,0,7.8,53,13,52.9,4,1,38,6,36.7,66.4,0
53,intermediate,0,5.1,47,12,62.1,5,0,39,6,71.0,51.9,0
24,intermediate,0,2.8,15,14,38.8,2,1,33,3,55.0,38.7,0
23,intermediate,1,9.1,58,14,60.0,3,0,25,7,93.7,55.4,1
35,advanced,1,4.0,21,7,73.4,0,0,37,4,43.2,44.6,0
37,intermediate,1,7.1,37,13,83.1,6,1,49,3,74.9,40.1,1
44,advanced,0,5.4,33,12,56.4,3,3,38,5,66.8,68.6,0
33,beginner,1,3.9,36,8,68.6,4,2,41,5,84.0,74.2,1
52,beginner,0,16.2,80,29,95.9,6,4,5,14,90.0,50.7,1
36,beginner,1,3.6,24,6,71.7,3,2,29,6,20.7,50.0,1
22,intermediate,0,5.7,41,12,69.9,4,0,43,5,62.5,62.3,0
22,beginner,1,5.4,27,13,35.3,6,2,36,4,55.5,54.3,1
54,beginner,0,6.1,47,10,60.2,1,1,20,4,77.2,47.6,1
23,intermediate,0,15.5,80,27,98.1,4,2,11,13,63.4,98.8,1
54,beginner,0,7.8,50,15,63.1,2,1,32,11,64.4,68.2,1
28,beginner,0,3.9,30,12,57.2,2,6,12,5,71.6,50.0,0
21,beginner,0,12.7,79,21,92.8,5,4,4,10,88.4,57.5,1
29,intermediate,1,8.7,35,17,80.0,1,2,26,6,54.0,41.0,1
41,beginner,1,4.0,37,7,84.5,2,0,14,1,95.2,59.2,1
34,beginner,0,11.5,80,16,94.2,5,3,0,9,71.7,53.4,1
47,beginner,1,1.9,20,11,57.3,3,3,35,4,71.2,53.0,1
41,intermediate,1,2.4,23,10,57.6,3,3,41,2,69.5,6.7,0
33,advanced,1,1.4,27,2,20.3,3,0,44,0,49.8,37.6,0
42,intermediate,1,0.9,33,6,51.5,3,1,56,0,57.5,30.7,0
54,intermediate,1,11.0,77,9,68.5,3,0,17,11,88.2,70.3,1
33,advanced,1,6.1,21,10,74.3,3,3,24,6,53.0,54.6,0
23,advanced,1,1.6,25,10,59.7,1,1,25,1,41.8,47.9,0
33,intermediate,1,5.3,64,10,77.9,1,2,26,5,72.1,60.5,1
49,advanced,0,9.4,65,17,91.3,3,5,27,13,74.1,66.4,1
26,advanced,0,3.2,16,0,54.2,0,3,42,6,40.4,38.6,0
54,intermediate,0,4.4,37,8,87.7,1,3,35,7,55.3,76.6,0
40,intermediate,1,16.6,80,27,100.0,1,2,9,11,50.7,100.0,1
40,beginner,0,4.6,48,12,41.9,3,1,44,4,70.4,47.2,0
30,beginner,1,1.7,11,10,50.7,3,1,39,1,33.2,40.3,0
52,intermediate,1,3.7,31,8,59.4,6,1,47,5,23.1,44.0,0
19,intermediate,1,1.5,11,5,65.1,0,3,31,4,36.4,41.2,0
29,beginner,0,8.2,48,9,57.3,3,1,22,8,61.7,48.7,1
33,intermediate,1,2.9,41,7,57.7,1,0,31,2,86.7,37.3,0
36,intermediate,1,2.8,27,3,59.3,3,1,44,2,44.2,13.4,0
36,advanced,0,17.5,80,19,91.7,4,7,0,15,100.0,69.1,1
23,beginner,1,2.2,11,2,70.1,2,0,34,4,67.6,62.9,0
26,beginner,0,1.9,3,12,59.0,2,3,19,3,25.8,34.7,0
21,intermediate,1,2.5,12,6,75.6,2,3,42,3,42.5,37.5,0
39,advanced,0,9.6,61,17,69.4,7,1,32,9,100.0,71.8,1
31,advanced,0,7.6,60,12,83.3,4,1,34,8,81.1,46.1,1
39,advanced,0,3.7,25,2,38.4,4,5,42,5,59.2,37.2,0
40,advanced,0,3.5,45,12,37.4,3,2,42,5,59.2,58.5,0
44,beginner,0,7.2,41,5,50.8,3,0,32,7,76.1,67.6,1
38,beginner,1,6.3,41,10,72.0,3,1,34,6,63.0,71.8,1
42,beginner,0,4.8,25,10,75.2,4,1,38,5,19.5,71.5,0
40,intermediate,0,7.7,61,15,60.3,2,0,18,6,71.3,74.6,1
42,advanced,1,2.4,45,4,53.9,0,1,35,1,45.2,33.8,0
41,beginner,1,2.9,9,0,58.9,0,0,36,4,43.3,44.1,0
30,intermediate,1,8.0,48,11,84.4,5,0,20,6,52.1,94.5,1
27,beginner,1,6.6,58,10,66.7,4,1,11,8,84.2,62.9,1
47,beginner,0,0.9,2,2,40.6,3,7,28,2,37.2,24.4,0
31,beginner,1,5.5,45,15,52.1,4,2,32,7,44.0,38.8,0
38,beginner,0,17.2,80,21,89.0,6,0,12,15,82.1,93.5,1
25,advanced,1,8.8,57,17,94.7,3,0,22,10,86.1,78.9,1
34,beginner,1,3.8,36,10,65.5,2,1,60,3,80.9,49.3,0
38,advanced,1,3.1,45,12,52.7,3,3,26,4,50.3,33.1,0
41,intermediate,1,6.8,66,12,89.6,6,3,31,8,61.4,48.6,1
38,beginner,1,11.0,66,21,78.4,1,3,30,7,100.0,84.1,1
31,beginner,0,1.3,13,5,67.3,1,1,50,5,43.9,51.1,1
54,advanced,1,6.5,35,14,90.8,2,1,34,11,61.1,65.9,1
37,beginner,1,4.3,43,4,66.7,2,0,43,6,51.8,60.4,0
48,advanced,1,6.1,29,1,52.0,4,3,28,8,59.2,32.9,0
45,beginner,0,1.8,18,8,80.0,0,4,55,4,78.5,37.7,0
39,intermediate,0,11.0,68,20,83.1,6,3,30,9,87.2,82.2,1
51,advanced,1,12.8,71,23,87.3,3,0,4,11,100.0,77.1,1
22,beginner,0,8.3,56,13,82.3,1,1,26,10,74.7,78.2,1
53,beginner,0,14.4,80,29,97.3,5,4,0,11,72.5,82.3,1
50,advanced,0,4.2,32,8,74.5,3,3,48,2,45.1,56.7,0
37,beginner,1,6.4,40,14,63.7,2,2,29,5,42.9,55.3,1
45,intermediate,0,8.4,64,17,74.3,3,1,36,9,83.7,77.1,1
37,intermediate,0,6.9,49,20,50.3,6,0,25,5,91.3,40.1,1
28,beginner,0,4.5,49,9,67.3,2,0,13,4,72.2,55.0,1
48,intermediate,1,4.9,38,8,67.3,5,0,57,5,56.1,66.3,1
27,intermediate,1,12.1,70,14,93.1,5,2,15,9,69.8,77.3,1
29,beginner,0,5.3,21,17,59.1,3,2,20,0,56.1,67.6,1
37,advanced,0,10.6,49,20,73.6,4,0,29,7,47.0,71.7,1
49,beginner,1,5.2,19,13,57.2,2,3,50,6,27.9,39.3,0
32,beginner,0,10.6,69,30,87.0,3,0,16,10,99.5,49.3,1
36,intermediate,1,5.7,27,13,89.6,5,0,28,7,48.9,54.3,1
19,advanced,0,8.0,64,9,61.6,1,4,26,9,74.4,61.2,1
22,beginner,1,3.4,29,8,70.3,2,2,23,2,52.3,56.2,1
20,beginner,0,6.4,42,8,69.9,0,2,20,4,77.5,33.5,1
20,intermediate,1,3.4,21,7,63.3,2,3,52,4,52.7,59.6,0
51,advanced,0,4.1,39,8,37.4,2,2,31,4,48.9,32.5,0
49,beginner,1,4.3,26,7,49.1,2,2,24,6,40.5,46.0,1
49,beginner,1,4.8,26,5,57.3,3,3,26,6,49.7,37.9,1
20,intermediate,1,9.9,73,23,54.8,5,0,30,11,91.5,77.8,1
20,beginner,0,4.0,35,10,75.2,5,1,13,3,58.9,51.2,1
28,beginner,0,6.0,40,11,67.8,0,0,31,8,60.8,69.3,1
39,beginner,1,10.6,71,21,84.4,11,1,42,14,85.5,98.6,1
30,beginner,1,7.8,51,16,48.1,0,4,44,7,70.0,59.1,1
36,intermediate,0,1.3,22,7,25.2,1,1,45,3,36.4,32.5,0
24,advanced,0,1.7,12,9,50.1,1,1,51,1,63.3,49.4,0
45,intermediate,0,7.0,68,14,91.5,8,2,39,8,73.9,85.5,1
29,intermediate,1,3.8,25,12,55.4,1,1,32,6,54.8,59.1,0
20,advanced,1,1.5,35,9,68.8,2,0,48,1,22.4,59.1,0
46,beginner,1,3.6,28,9,57.7,2,0,51,5,50.7,27.8,0
52,beginner,1,7.1,56,12,75.1,3,5,13,7,54.4,53.7,1
18,advanced,0,4.3,41,16,73.7,1,0,38,5,46.1,49.7,0
34,beginner,0,5.6,52,9,57.4,6,1,33,7,100.0,44.8,0
49,intermediate,0,4.6,26,11,49.7,2,2,33,6,57.7,48.3,0
44,intermediate,1,3.3,39,10,81.3,2,2,35,3,84.4,46.2,1
50,beginner,0,6.3,62,10,64.6,1,2,30,8,93.8,44.9,1
33,intermediate,0,1.4,16,3,63.4,2,6,42,4,63.9,29.3,0
32,beginner,0,3.0,27,6,45.1,1,4,46,2,50.3,35.0,0
44,beginner,0,8.8,51,13,89.6,1,4,27,8,99.6,66.6,1
23,intermediate,1,1.8,17,0,61.9,1,1,36,0,62.1,46.1,0
27,beginner,0,5.4,56,8,67.0,9,2,21,7,74.9,57.0,1
40,intermediate,0,4.1,22,10,58.9,1,1,28,7,55.1,64.7,1
43,advanced,1,3.8,22,14,57.8,1,2,36,4,47.9,54.5,0
22,advanced,0,9.3,75,18,72.9,1,2,14,9,88.4,63.7,1
37,beginner,0,10.4,70,7,70.5,4,6,27,9,83.2,24.1,1
31,beginner,0,2.5,46,10,64.9,3,2,41,2,74.1,49.6,1
37,beginner,1,4.8,32,8,64.9,1,0,42,5,88.7,41.8,1
54,beginner,0,1.1,19,7,28.8,3,0,33,0,26.6,42.1,0
20,advanced,1,9.0,50,16,58.1,5,1,13,8,90.6,71.3,1
55,beginner,1,5.3,40,10,46.3,0,0,41,3,56.4,76.8,0
35,beginner,1,1.7,3,6,66.0,2,1,39,4,60.0,70.0,0
47,advanced,0,3.1,34,8,39.3,6,3,33,4,52.8,27.1,0
34,beginner,1,2.3,27,12,63.8,0,1,44,2,61.3,24.6,1
29,beginner,0,3.0,26,8,55.7,2,0,42,3,50.3,54.4,0
47,beginner,0,1.2,14,10,47.7,1,3,27,1,13.6,38.4,0
44,intermediate,1,12.1,63,23,94.9,4,0,28,13,100.0,60.6,1
23,intermediate,0,2.5,32,10,54.7,1,0,32,2,40.4,47.9,0
44,beginner,0,5.4,27,4,26.1,2,2,47,7,55.4,60.3,0
46,advanced,0,7.1,53,18,62.1,4,2,12,5,53.2,38.3,0
32,advanced,0,10.4,80,16,81.8,4,1,21,11,66.9,55.5,1
53,advanced,0,5.6,55,14,83.0,5,1,27,8,69.8,45.1,1
42,beginner,1,4.5,20,6,88.5,5,3,12,7,38.3,42.3,1
30,beginner,1,5.7,35,7,52.4,4,0,35,9,38.5,68.7,1
18,advanced,0,2.5,29,15,47.8,1,3,17,4,54.7,34.0,0
43,beginner,1,2.6,24,4,40.5,1,3,33,6,25.1,40.2,0
25,intermediate,0,4.4,20,14,78.1,1,0,43,8,51.3,87.9,1
46,intermediate,0,0.8,20,6,60.6,2,3,35,0,46.7,19.3,0
37,beginner,0,3.3,29,7,59.6,3,3,25,2,10.7,31.9,0
35,intermediate,0,3.9,51,9,58.8,3,2,41,1,61.3,56.6,1
24,advanced,0,15.7,80,19,100.0,5,1,3,15,99.4,100.0,1
45,intermediate,0,11.3,80,19,94.5,3,2,12,7,71.9,76.2,1
24,intermediate,0,7.1,35,9,81.3,2,2,38,3,68.7,83.8,1
33,advanced,1,9.1,47,14,86.3,3,2,9,6,75.7,67.9,1
49,intermediate,0,2.6,32,11,48.3,1,2,31,0,39.1,12.7,0
52,intermediate,0,5.8,52,13,72.4,2,0,37,6,71.2,60.0,0
55,advanced,0,8.4,45,9,80.9,5,2,10,6,81.3,52.4,1
54,intermediate,1,2.6,25,11,58.4,1,2,54,0,36.7,63.1,0
39,beginner,0,1.7,7,6,45.6,2,4,36,2,36.2,48.0,1
25,beginner,1,6.6,43,10,87.6,3,0,36,6,85.8,37.3,1
49,beginner,0,1.9,30,9,72.3,4,2,46,0,40.6,60.3,0
48,intermediate,0,7.5,45,13,57.7,2,2,23,6,74.8,72.1,1
55,intermediate,1,10.3,61,13,80.6,5,0,13,9,58.3,68.2,1
42,intermediate,0,2.7,14,15,57.6,1,3,35,2,41.9,38.4,0
23,beginner,0,2.8,20,8,59.9,3,1,43,3,57.0,67.0,0
37,intermediate,0,10.1,80,17,68.6,5,5,9,11,47.7,27.9,0
35,advanced,1,5.6,41,10,94.2,1,1,17,10,54.1,61.5,1
50,beginner,1,9.3,49,21,86.5,5,1,35,8,77.0,83.3,1
32,intermediate,1,4.6,32,8,73.6,2,1,24,2,61.5,50.2,1
30,intermediate,1,4.8,20,4,90.2,3,1,35,4,39.6,62.0,1
21,intermediate,0,5.5,29,8,55.6,3,2,27,6,35.4,53.1,0
49,beginner,1,13.8,80,27,93.3,6,2,9,12,100.0,66.5,1
46,intermediate,0,8.9,55,19,55.4,2,1,36,9,67.7,53.3,1
19,advanced,1,3.3,47,7,60.5,2,0,34,8,77.7,61.1,1
34,intermediate,0,6.1,41,17,43.9,1,2,24,2,70.5,43.9,1
36,advanced,0,4.3,33,13,67.7,1,0,29,3,50.0,31.0,0
35,advanced,1,3.8,37,8,69.8,3,0,28,7,80.2,54.0,0
52,beginner,0,7.4,22,13,63.5,3,1,18,6,39.7,52.9,1
23,intermediate,1,6.4,46,14,71.0,2,3,22,8,88.6,33.6,1
29,intermediate,0,2.7,25,4,63.0,3,1,52,4,76.3,46.7,0
24,advanced,1,5.5,54,11,54.7,3,1,36,8,91.7,66.1,1
27,beginner,1,3.7,40,10,66.8,7,3,30,8,59.7,43.2,0
52,beginner,0,7.1,36,6,75.3,4,3,36,7,100.0,37.6,1
53,advanced,1,3.6,42,8,40.6,5,3,18,0,67.1,49.7,0
19,beginner,1,4.8,33,9,76.3,2,3,45,3,62.4,61.9,0
42,intermediate,1,3.9,22,13,42.8,4,0,46,8,50.0,85.6,1
26,beginner,0,1.3,21,0,47.5,2,1,60,0,29.4,62.9,0
25,advanced,1,13.4,77,20,78.1,4,1,21,13,100.0,64.8,1
29,advanced,1,5.4,55,9,87.9,4,3,34,0,63.2,61.3,0
25,beginner,0,13.7,80,26,71.0,4,3,23,9,100.0,78.7,1
36,intermediate,0,5.6,42,11,40.4,1,0,23,7,85.3,40.7,1
55,beginner,0,8.2,62,22,71.3,5,4,19,8,89.3,58.5,1
40,intermediate,1,3.4,40,11,57.9,4,2,33,3,50.5,73.7,0
45,intermediate,0,3.5,37,7,35.9,3,1,48,2,54.8,66.1,0
36,advanced,1,5.2,52,12,75.6,2,1,21,1,23.2,38.6,1
18,beginner,1,13.6,80,20,68.0,3,1,1,13,88.9,80.8,1
21,beginner,0,2.8,28,11,39.9,2,1,38,3,69.0,53.3,0
28,intermediate,0,1.1,30,0,40.7,2,6,47,0,51.7,0.0,0
27,intermediate,1,10.0,61,14,93.4,4,4,12,9,67.1,34.6,1
49,intermediate,0,8.5,55,17,87.4,2,0,29,9,68.1,69.5,1
50,beginner,1,4.0,49,14,79.4,3,5,46,4,91.2,40.4,1
50,beginner,1,16.8,80,17,100.0,7,1,15,15,90.0,63.2,1
42,advanced,1,17.2,80,30,73.1,10,2,6,15,100.0,94.9,1
39,beginner,0,1.3,14,5,53.9,1,1,38,1,34.5,57.3,0
42,beginner,1,3.4,43,1,82.2,1,1,52,4,69.0,44.5,0
33,advanced,1,5.2,46,0,84.7,0,1,30,7,59.4,54.6,0
43,beginner,0,7.0,50,7,71.9,3,0,35,9,100.0,70.8,1
48,intermediate,1,6.3,40,12,56.5,2,0,47,8,66.2,66.8,0
46,beginner,1,5.4,42,11,62.5,0,0,38,4,100.0,32.4,1
41,advanced,1,2.5,24,10,85.6,1,1,26,4,44.2,31.3,0
20,intermediate,0,7.5,43,12,49.1,2,1,12,8,92.6,55.1,1
45,advanced,0,7.8,52,10,53.4,2,3,21,6,73.5,43.0,0
31,beginner,0,9.6,63,15,86.0,2,1,27,8,94.2,89.6,1
46,intermediate,0,2.2,19,7,46.0,0,5,41,4,26.3,41.6,0
38,intermediate,0,4.7,44,11,43.7,1,3,53,8,72.1,29.3,0
51,beginner,1,3.9,44,6,84.5,1,0,37,0,46.6,49.2,0
30,beginner,0,2.2,33,10,57.5,2,1,34,6,62.7,60.9,0
53,beginner,1,4.6,32,8,61.9,3,0,20,7,30.1,45.1,1
50,advanced,0,2.6,32,4,37.8,1,3,48,3,55.7,52.0,0
30,intermediate,0,1.9,22,4,77.3,2,4,38,2,70.1,54.8,0
36,intermediate,0,8.6,43,19,70.4,2,1,7,9,75.0,82.7,1
38,intermediate,0,4.0,39,9,75.2,6,3,33,3,40.1,46.5,0
47,intermediate,1,3.2,30,5,74.4,4,6,25,3,21.8,51.2,0
44,intermediate,1,11.0,80,22,79.3,9,2,12,7,99.9,61.4,1
50,intermediate,1,7.9,66,23,70.1,5,1,24,4,100.0,99.6,1
32,intermediate,0,1.0,24,6,66.7,3,2,31,6,34.4,40.7,0
37,beginner,1,7.0,49,18,93.0,4,4,21,7,100.0,67.5,1
34,advanced,0,7.0,48,17,41.5,3,2,19,7,68.5,50.8,0
52,advanced,1,4.5,24,7,73.7,4,4,24,5,16.5,49.9,0
29,beginner,0,4.4,17,10,56.6,3,2,22,3,18.8,56.2,0
40,intermediate,0,1.5,11,1,36.0,3,1,34,2,56.6,27.8,0
22,beginner,0,16.7,80,25,98.4,7,5,0,15,93.3,64.0,1
50,advanced,0,4.6,14,8,41.3,4,3,37,4,71.5,42.7,0
32,advanced,0,6.7,40,11,59.2,4,3,28,5,41.4,69.2,0
30,advanced,1,4.8,34,7,57.0,2,2,43,6,60.9,21.9,1
40,beginner,1,3.3,26,7,56.4,1,0,53,4,53.3,45.1,0
36,beginner,1,9.0,50,18,79.0,3,4,28,9,67.4,76.4,1
50,beginner,0,6.0,38,11,49.7,2,2,33,7,54.7,34.6,1
38,beginner,1,4.6,52,3,87.4,0,2,39,4,64.9,67.7,1
37,beginner,0,6.7,52,10,71.5,3,3,31,6,74.5,35.5,1
21,beginner,1,5.1,32,5,91.6,7,0,31,8,62.8,42.6,0
18,advanced,0,14.3,80,24,85.7,7,0,9,11,95.5,83.4,1
33,beginner,0,8.8,56,17,64.3,2,3,12,4,95.9,87.3,1
55,beginner,1,7.4,41,15,98.1,1,0,33,8,42.1,54.1,1
52,advanced,0,1.6,13,3,42.4,5,1,38,1,11.5,16.3,0
41,intermediate,0,7.6,60,15,65.4,2,1,39,5,95.3,40.2,1
41,intermediate,1,7.4,45,12,84.7,4,1,34,9,49.5,74.8,1
32,intermediate,0,2.6,14,3,36.7,3,5,30,3,38.0,13.0,0
24,advanced,1,1.6,20,9,67.1,2,5,51,0,38.0,48.0,0
18,intermediate,0,8.6,56,18,78.3,4,4,0,12,62.8,56.5,1
30,intermediate,1,9.2,38,20,97.2,6,3,40,5,35.4,60.1,1
30,intermediate,1,3.5,29,6,75.1,1,0,21,4,45.0,55.6,1
25,intermediate,1,3.4,38,13,80.1,3,2,39,0,73.3,32.8,1
27,beginner,1,5.9,46,10,69.3,4,1,33,6,67.1,57.9,1
18,intermediate,1,4.0,54,12,53.8,1,4,44,3,81.9,22.9,0
41,beginner,1,1.6,32,4,85.2,3,1,35,4,48.5,62.3,1
53,intermediate,0,2.6,39,6,32.9,2,0,15,3,78.6,32.8,0
44,beginner,0,6.6,73,3,46.2,7,1,24,9,76.9,64.7,1
35,beginner,1,2.7,33,6,68.4,1,2,34,2,20.1,27.1,0
33,beginner,0,9.5,61,17,94.7,5,4,0,5,83.4,50.5,1
29,advanced,0,7.4,59,12,69.6,3,5,26,7,90.1,43.0,0
23,beginner,0,6.8,40,20,78.3,4,2,16,6,52.9,100.0,1
40,intermediate,1,5.8,42,7,44.5,1,0,35,2,86.0,58.4,1
39,advanced,0,3.2,21,6,48.0,1,2,32,1,34.4,31.9,0
18,beginner,1,8.0,56,11,52.6,3,2,43,6,86.3,52.9,1
33,intermediate,1,3.1,21,6,72.5,4,0,32,7,81.1,27.4,0
28,beginner,1,9.8,54,21,62.4,6,3,24,10,73.5,60.1,1
24,beginner,0,12.9,80,27,67.2,8,1,10,11,86.9,100.0,1
44,intermediate,1,5.9,40,9,77.5,4,2,12,7,61.1,58.1,1
37,advanced,1,11.9,52,17,100.0,3,3,13,6,100.0,82.7,1
42,beginner,0,2.6,10,3,50.8,8,0,44,2,49.3,34.7,0
45,intermediate,1,7.4,38,19,82.7,4,0,31,8,100.0,60.7,1
55,beginner,0,5.3,30,15,68.0,6,0,27,6,61.0,60.2,1
48,intermediate,1,8.7,59,15,76.2,3,0,7,7,64.5,56.9,1
41,intermediate,0,1.0,19,0,33.8,1,0,46,2,37.8,49.3,0
